"","y","X","Z1","Z2","Z3","Z4","Z5","Z6","Z7","Z8","Z9","Z10","Z11","Z12","Z13","Z14","Z15","Z16","Z17","Z18","Z19","Z20","Z21"
"1",0.473981333631933,0.477447029707827,-2.81592645302557,-0.75341315767904,1.26276673893019,0.550975009898143,-0.418534886874885,-0.516953936971922,-0.526947177901856,0.923763973032843,-0.193608212804147,0.504088807359617,2.40269239891768,-0.0518922467783851,-0.533501211151217,-1.99806461658242,-0.407227527922329,-0.242912788248636,0.484729758551366,-0.941701143003259,0.400245333461024,0.44937481407836,-1.27054119521352
"2",-0.138331074901975,0.165981458335823,-0.789623970751207,0.92224002394341,0.625039348414396,0.873609946855723,1.05230877695737,-0.121408912868869,-0.680765091215283,0.589010869952218,0.508790402326782,-0.149084444401075,-0.320037668508713,-2.37306823048906,1.47239289946461,-1.20831528785451,-1.18325800874286,0.575746508367629,-1.11157053874953,0.552389698944644,0.525225034475804,-0.816973368330368,0.617549269201252
"3",3.63911047761508,1.86505778897813,-0.380572129932518,0.798561217471302,1.33954021286247,1.90415544243364,0.434818317322037,1.04063216601954,0.472987596009324,-0.783293214515089,0.352268985186692,0.140209744867932,-2.20762337787196,-0.542932721795623,-0.606094154786457,1.6179443143388,1.61374990751353,-0.232002734638584,-0.0144171868888471,-0.793771244945807,-0.572992296362043,2.00189382944171,0.143174939527055
"4",2.11995131515013,1.43320326248782,-1.27252047573817,-0.00684626803551542,1.43074831972033,1.10067951800082,0.0187886299921793,-0.331864465370366,0.242497975176678,-0.483585754026851,-0.731353925834704,1.69657349021801,-0.0401667725252113,0.977334826233199,0.964429211832925,1.21809496614482,-0.471621847572429,-0.435417215182037,-0.47044182445547,-0.461914325885573,-0.00628080997525713,-1.0016908698216,-0.355318186696117
"5",3.09516446852714,1.48472440784759,0.0713399167696855,-0.940276950707538,0.248211181953377,1.90638232110638,1.17951025996562,-0.982720392087635,-0.404407202587631,-0.0952427388889724,1.71335955228407,2.55438946318189,0.543509276467532,-0.588310862522132,-0.0498791068390957,0.533093521135363,-0.885099126032669,0.488012329583918,2.1891685048042,-0.777201319228281,0.166108739495426,0.550322445996956,-0.960788238126708
"6",1.8727309103939,0.351220785925197,0.324585481349735,-1.76523537592849,-0.395618303760529,0.506810370882514,-1.667098307799,0.832660931394986,-0.773706778401894,2.07744761056731,0.502066830110594,-1.2324796643698,0.13883987964537,0.487507459822275,-0.417971024589712,-0.259170547551396,0.584597105357191,-0.50644066591337,0.282755131202673,0.105710906000566,-0.506071312780078,0.71222581676389,0.0196159191940788
"7",0.931699394863218,-0.407193702200591,-0.842129813685544,-0.571470055406559,-1.17256792855105,-1.60863869997717,-0.942835655567193,0.111045662394598,-1.20907272202676,-1.47484855215472,0.268756049616476,0.278052288808037,0.814919245983381,-0.0307501534440483,0.966146845823253,-0.290779557856319,-0.36131362720961,0.0856807421989851,-0.907150635236241,0.2564959470592,0.181445724880271,1.02359373769132,-0.113945713512057
"8",3.09594161939018,1.571327354382,-0.898561179492151,-1.33738082674008,1.72508861049581,-0.0621818267148576,0.419811003489347,-0.841715791447094,-0.298211132421866,0.627729926595521,0.989965657108683,0.856624018613921,1.07111611355305,-1.05313331454104,0.398611988054965,1.79102206567941,-1.24553919430905,0.0887061576597282,-0.159711128659404,0.958276326243315,-1.27096231825225,1.37197019707159,0.539492451971356
"9",1.29678603744217,0.945277233861837,2.03606527333203,-1.24082698832461,-0.483379314859895,0.334178480392328,1.3082050053756,-0.523707429607089,-0.355047728616516,0.359492144407733,-0.0660733894189835,0.498954504306898,-0.26629110881414,1.70408484982078,0.874538943711317,0.352510817941118,0.0239660919219515,-1.0623000454202,-0.889236073204893,0.395954414162097,1.61914694601902,-0.784705059602691,-1.73024844892555
"10",1.8124053413589,1.43572029408625,0.699070819221254,0.823274999524849,-0.479223444236919,0.337920274383352,-0.797297923649249,-0.592143578156952,-0.867338497514851,1.15684618736663,0.610409032647397,0.856656055100912,-1.48638920238678,0.629434738768724,0.652866086536489,0.908994765771824,0.805797934077557,0.594787848197669,-0.355533843326605,-0.692508717409778,-2.03681519979957,0.284602329638753,-0.329416356970816
"11",-1.09976846286064,0.193372632523416,-1.35851269321929,-0.407114263237118,-1.01924767611977,0.135407860956196,-0.225715608634588,-0.258511467305669,0.619452777565951,-1.45374274307181,0.0202907830653412,-0.942101162542271,0.815929861605809,0.756393506540374,-0.109706110902702,-0.694472655538723,-0.42571356972285,-0.211460034780707,-0.788743316826721,-0.708337988393162,0.241309574418207,-0.522310447481297,-0.89205968291512
"12",-1.47334556836363,-0.968880644406481,-0.677024524750475,-0.967352567402712,0.991818115400346,-1.11914764975995,-0.10081313509439,-1.83037096297306,-0.0390567902305219,0.567108713089048,0.73112162250714,-0.0940522768071545,-0.968986621184296,-0.22410997149717,-0.216583662962515,2.56374968575078,0.00523847367914827,-1.24493641419103,-0.610097371089891,-0.911751111721312,-0.115729368259673,0.323054445045312,-0.696115228626674
"13",2.73410439675867,3.37099861409066,0.127499278899025,0.154482534732992,0.575981063413565,-0.828097073249049,-0.627532144043859,0.692185439278224,1.10977574497038,1.12337973938354,1.22966805131208,-1.50682851146934,-1.07944876568503,-0.963933061303707,0.00419885272612098,1.41073300704247,0.820331385765291,-0.982961618785994,0.732635416224529,-0.698888991924499,0.0161709847458825,-1.00496149839665,1.03451885597499
"14",3.77813793735471,3.41056160254774,0.679700641011966,0.857075443461772,0.606175640185149,0.795668695691087,1.56944166520353,1.50967877295303,-0.283282184244946,2.00045454317742,2.22506357944978,0.119263877570829,0.419319756612264,0.83484986467622,-0.494113278504843,-1.84558326462161,0.217663413864726,-0.715827280059084,-0.247261716656122,0.00537656363727275,2.91579226926417,-0.642957586361668,-0.819517541376415
"15",0.475295711697199,0.957401691858845,2.06627393906043,-0.466439256799068,-1.3189757505129,1.84146062797895,-0.152118259514258,0.90646208716234,0.090886023570332,1.16451220711809,-0.606516456515914,-1.99534625037366,0.284369503034211,-1.58158936872265,-0.885444143170024,-1.52055125249571,-0.917475844923786,-0.489889705059507,0.878729894597979,1.60737016031717,0.0197108848176135,1.36592423614578,-0.54733273952964
"16",0.131859745767301,-0.345582828936913,0.765693222606759,0.393072015838879,-0.787739865110946,0.229939032466156,-0.266680638878653,-0.78001056286476,-0.221774825053865,1.14319028985824,-2.10633054730535,1.0473664368929,0.349516318187304,-1.22311951730328,-1.31593436391191,-1.70659426575661,0.195361733836693,0.561259624640451,0.148530703471286,-0.546496989270021,0.511338138657476,-1.30652854454698,-1.26671056370341
"17",-1.04419547931016,-0.664042774584217,0.336378596261091,1.04840348107229,0.649951802148897,-2.2693350166776,-1.28651802607946,-0.138057015604663,-1.16889763882177,-2.16491389625462,-0.508863735569931,-0.329922481934823,-1.00998065441305,-0.119711944022288,1.47658221646166,0.621305695537534,-0.566476554536423,-1.8180776975003,-0.352069647295475,0.0399928302169594,0.971708866960954,0.992679412412027,-1.57633955468701
"18",-2.21875233699984,-1.55531021202542,0.867715180763026,0.25074287525046,-0.428834476796484,-0.755682367855261,0.807995873881868,-0.869493916064933,-0.105252644316729,-0.779422364339639,-2.11984422114046,-0.0623760057013317,0.330994895584721,-0.222193933981019,-1.42131078215929,-1.37084923389947,0.647875890984169,0.44718845250997,-1.3936080608166,-2.37876158287456,0.330526582807334,-1.28254252458002,0.0361477110867654
"19",0.960226874664966,1.58868220678869,-0.60236306446012,0.738605649604736,0.834964882414961,-1.31915225284713,-0.664600421914681,1.10678861004354,0.0348536084173057,0.610865816972551,-0.502313801096473,-0.44570235341572,2.48168418888796,-0.252101072953117,-0.432688294408888,-0.877980546240778,1.25408408216895,-0.281129303068916,1.1572449927447,-1.48860576090479,-0.341298811450594,1.07100794621665,0.313666684530989
"20",-1.77531365325469,-2.07991715433079,0.00236742071838183,-0.913112979099129,0.00513113657226845,0.328330954223394,0.168037324015284,-0.359289989154438,-1.01176394578922,-0.015142607179114,-1.26876192861667,-1.48229425681938,0.0377688566038452,-2.01020204019357,-0.0258871095345135,-0.77302930098152,-2.04467369127978,0.926706429123992,-0.767793957204415,-1.20226668302601,0.477714591175123,-0.63590369164468,-1.09564316837249
"21",-1.6165439214591,1.03362763448938,-0.027014473555919,-0.219657719255305,1.28677582306814,-1.47175502329199,0.133988525513302,-0.376315992639775,0.560234428580143,0.834809974650724,0.560400368007804,-0.0957805862867689,-0.0638728771465852,-0.163583553259736,0.820619504214178,-2.08956270528778,0.67770713065594,-1.30268571425845,0.276390311243639,0.234228910535702,-1.72203836463493,-2.11871599017603,1.50682367110952
"22",2.44475569776138,0.758839978373791,-0.856039171573882,0.753768377633495,-0.819529652055932,0.836979638283837,0.478720252574178,-1.52388761036022,0.625840565220589,-0.327471112426876,1.50946833442805,1.53355644113584,0.428358492000383,-0.611083190370556,0.545996588749823,-1.8933107879387,-0.303095419263454,0.884765530206228,-0.676461744501393,-0.111791478298114,0.233475549344155,1.07804127671695,0.530673757873491
"23",0.720890662750291,0.565654747622968,0.329486811832359,-0.0647184534966473,-0.087060012616317,-0.100944446334177,0.71025035414882,0.469841020304651,0.0998002695157549,0.565774159477082,0.138208942333996,-0.212016549479107,-0.0693740519088359,-0.357822053650563,-0.174305795412759,1.03695849058928,-0.366595550428655,0.0499334614586452,-1.62055580088888,0.011884867173608,0.325923820214315,0.582852747939208,-1.58046400007498
"24",0.4105578971643,0.681969156788422,1.84172410659346,-0.546345753935893,-0.62335475472971,0.951781817046257,-0.430931064806489,-1.20555386928848,-1.98733357987737,-0.181203584496669,0.137546228846589,1.3244643076204,-1.20450184716617,1.55575178162565,-1.63933353718191,0.11026783148485,-1.48103614854096,-0.840341037999375,0.5792569475915,-1.01533040571146,-1.13637787729716,2.15385247921357,-0.146824074238216
"25",-0.234435101551303,0.57157338712374,-1.70806355269677,-0.0246818431490432,0.305280635487813,-1.35293615112446,1.2805145559735,-1.23801460590397,0.548678766871128,0.317502498826186,-0.322225822640994,1.16180720855457,-1.25854873996487,0.424666497886962,-2.00764923341531,-1.10569545878269,-0.773189624499261,1.39762275555254,-0.0985081208909483,-0.391015948468146,1.388311815287,1.00069735076808,0.70324565331525
"26",2.96139124832064,1.04643137085513,-0.156199749780548,-1.13216810217262,0.633959948163603,0.514862757617478,-0.0845239142861925,1.25525932471591,-2.28615275572743,2.26940555783804,0.33110830376557,0.288015151797306,0.0744132389232718,0.717784240296703,0.303958090918647,0.0577235242536955,2.11645704574105,0.978677776827316,-1.92791597605209,-0.223482163801612,2.18779568541575,0.160887664461697,0.153990152630912
"27",2.2961826400048,1.05811834201754,0.542139476875884,0.772617513701891,-0.34314100731988,1.08355189217558,0.0757367172517808,-0.419672334751193,1.26614161149551,-1.61936118304538,-0.160067574726904,0.530631459379587,-1.31712296891013,-1.12062113111687,-0.440401255498718,1.01007586758781,-0.34153895515713,1.21057104954911,-0.483526416446062,0.681691157160158,-0.361199976533327,1.40866668217594,0.887854188362505
"28",1.41633118460407,-0.202502876194936,-0.67606981210914,1.25783145109514,-0.47754893549632,-1.07563769377529,-1.04664528077283,1.30179153966024,-0.0722577052994293,-0.147938835922333,1.4208771305517,0.0808570680137424,-0.0104811344134302,-1.37077771760641,-1.52264725589074,-1.36323455114866,0.661138981510987,-0.319986369246807,0.284123284338452,-1.6440348475272,1.16276783972556,-1.08034560600147,1.5484774095624
"29",-0.203688798676782,-0.279612493254119,-1.23212446741863,0.380336359409638,-0.29344425448787,0.249593278390941,-0.394591594997743,-1.17294901575746,-0.105419474856926,-0.130025017349803,1.0405842177386,-0.618679875454656,-0.416330686930678,0.261292964014773,-0.415811251143103,-0.709508309264956,0.537011914573227,-0.552598826419674,-1.10691316817136,1.07207822998092,-0.535921515603831,-1.222023518236,0.094748872141287
"30",2.21784649270773,0.204051291639177,1.60607098596249,0.583561227376926,0.477922673404722,-1.14667397401374,0.0136041686989692,0.617856391458568,-0.119684378164494,0.523665018526165,-0.0171949032561876,1.64960488825712,-0.706290438832903,-0.129353448467712,0.730506765862665,-0.247476418449432,-0.315345894450983,-2.46902081420821,0.295865446887812,0.57486611283438,0.311409838079793,0.941589083526135,1.73097034412222
"31",4.46195399726191,4.95527654872512,-0.959917219079852,1.10874201068271,0.0321439310472452,2.55923929875627,2.19876813280177,2.00725108314549,-0.629655676125134,-0.780986241143765,-1.23806720099734,-1.06377259705823,0.458963700934018,1.03529447674545,2.04049595580581,-0.115187812303513,1.47308459180913,-0.423002088089851,-0.584335537420972,0.44272266648178,0.929658346287374,0.0979617475534917,0.553826651406907
"32",1.57777827473367,0.747987436926387,0.807413190832025,0.394600840349174,-0.551002317835775,0.612414796455402,0.0285465718343253,-0.86934891832336,-0.277009239738484,0.47721466145459,0.458264535645849,0.316518628749561,1.68444320883842,0.684864136438405,-1.06386901051312,-0.218455330023424,-0.784408558191523,0.412574002655779,-1.1208210511237,-0.0294116751019163,1.31263215178499,0.0988337099100249,-0.932167946999421
"33",2.67078537041214,2.11960688551246,0.943310375074455,1.32940003919096,-0.246461942506316,-0.894731276149883,0.495747228867103,2.18228896191505,-0.134538642821083,0.0314417920790305,0.137040114775292,0.0714357193136879,0.886647729568796,0.254292748901723,-0.290308016620528,0.736228041031713,-2.41903810933103,0.439901764114588,0.137014072924956,0.646481295528287,-1.67891551243434,-0.0981804615391985,0.35773034976854
"34",2.55599811110097,3.32453162420955,0.426257704023768,-1.27546303839091,1.6329987404291,0.38934659453756,1.16898629034006,-0.262434971056668,0.409507049179717,-0.429855024697522,-1.31604718910195,0.772805135560027,1.1595092169834,0.582986799887649,-0.827816829958103,-0.610700832859546,1.09246164524073,1.33489343956024,-0.052355657104828,2.4141032911297,-0.726550091167944,-1.05770070986702,0.559026825603271
"35",-0.0714304507923831,1.5444793887313,-1.17347632817681,-0.395331546041565,0.0186093701173529,-0.27769056672776,0.042148994681471,1.67087969626962,-0.651459838978947,-1.66352170033763,-0.991716924099846,-0.657428792341284,0.865891406382909,-0.927804665168669,-0.792635036111019,0.496424745443145,0.576549697046277,-1.43397654854826,0.00416314427770312,-0.833426489608999,0.856067672525461,0.633059209644811,1.08768074817091
"36",-0.61842611742045,0.381830571587318,-0.654164198032311,0.859493116996319,0.467623034638223,0.674002992676271,-0.689787674857442,0.116712413934345,-1.38285280288704,-1.11925842167967,-1.39197690605023,-1.02599142040258,0.434738636292872,-1.21543098722058,1.23933693602046,-0.801902104852261,0.0273756117852728,-0.706096133656691,0.0333262475581937,-0.815431286385854,2.24622083811657,0.220813350124542,2.93531376034135
"37",-0.690840087313012,0.494443156127992,1.18962106353012,1.22211190537735,-0.336645725640598,-0.771444210626358,-1.09451610337801,-0.922732983081587,1.51371706548247,0.792937680471284,-1.99062007145766,-0.901007863314419,-0.43683304215006,-0.52878486760698,-3.37763812392664,0.256964235639985,0.769581842405791,1.37062537594913,0.370115443363428,-0.269749401855834,-0.426948870415473,-1.22956495139033,-1.23143596559182
"38",0.0404837985599975,-0.638615974021789,0.733910861908109,2.994069868336,-1.95896128451869,-0.261783482597476,-1.21174848241223,-1.13312628963772,1.50603503329904,-1.87607955244178,-2.33261551122883,-0.818056702462217,1.5809673208249,-0.530352311754637,1.02146874425039,1.04906713470068,-0.336307996975383,0.370458892181183,0.95884048701569,-2.03303607724255,-1.43044078019068,0.730118496633392,-1.18467828039934
"39",1.84230036877173,1.83856564158333,-1.71798635636435,1.45335455941841,0.179323837846277,0.106155135655501,-0.597356032532605,-0.390069070736575,0.927022024892386,-0.0292626593944981,0.454171304723964,0.795293958939934,-0.209409381960637,0.159705764924106,0.392319822154661,0.333955064734637,0.938521619498438,1.17402757178124,1.05604342810455,-0.53315891292359,0.311377531217008,0.172490224445833,-1.47129735550215
"40",2.17480964516533,0.516222099925414,-0.251715460875955,0.143940117632962,0.497880624454787,-2.61316502467829,0.56923409024499,-0.254736547385685,0.820839888208913,-1.31644431867915,0.690624995054951,1.27768407722337,1.39247520841281,-0.612782137810673,0.986266012482964,-1.81411778707153,-1.32904120338393,0.518075640839293,-1.14447553647041,0.642469028970294,0.691349774162473,2.0193981063165,0.545152823870742
"41",0.734216722490193,-0.86431420726183,0.484403902873678,-0.569776568230154,-0.404791773856432,0.855279951200035,-0.477547029040307,0.249738704806466,-1.45303190992771,-0.783978178746509,0.0546691532810611,-0.115265923266475,0.722900163368272,-1.56421093160415,-0.555932814259121,-0.380754820668278,0.601331959042649,0.184533752077635,-1.85396588633964,-0.0989087448103532,-0.193872206673586,0.276362618920506,0.760468323056454
"42",-0.0071255236389185,-1.55365233127482,0.829219443518173,0.021003252966916,-2.56222252271432,-1.15116910788166,0.0991224031347543,0.852676086650406,-0.42170999781229,-0.936942257088503,0.0937481269591645,0.578839836272773,-0.135830038485023,-1.39108304771033,-0.420046055079624,-0.0728222204622537,-0.893547095364196,0.763893441915514,-0.919932043469175,-0.203797093152781,-0.724394479913001,0.671488783610099,-1.07335376531689
"43",5.00431374179958,2.74541948715921,0.47397121670576,1.18436206382163,0.742170757666994,2.06895697228745,1.81471870686341,0.439801001858044,1.29716650031388,2.05874042844815,0.190277490409631,0.577562239509873,1.17702931833871,0.31724634868216,-0.192264798653795,0.864675783953842,1.29569232941957,-0.155216001596734,1.2321771407707,0.131669775241967,1.27248636755449,0.179119272305327,0.0136054083936223
"44",-0.194278157660204,0.195628311908035,-1.13649056225497,0.770983090973374,-0.340995793261767,-0.317488007637348,0.0292663686203199,-0.525351734056309,-0.378675923896041,-0.493551553939476,-0.305252239280026,1.78085860910074,0.73465896930073,0.312610619284627,0.0135081273271227,-0.432952535697437,-0.880313212203005,0.874921579125326,-1.29217115950836,1.29983718008117,-1.48839812512797,-1.09982811780665,-0.503962105774819
"45",1.04491037136403,-0.812634503757322,-0.120332886841951,-0.740255195437022,0.203275013087523,0.272766167509704,-1.38557660399175,-0.89054890880627,-0.573111631701101,-0.567519445962153,0.370315588262676,1.42294960967192,-1.13094411508777,-1.84624480412478,0.33557531602957,1.57538683893382,0.00391724994309567,-0.211051521261365,0.300874954256295,1.58442355145313,-0.0913019157433115,0.454639801601357,-2.18371006827278
"46",0.326436784103902,-0.0702694758927253,-0.842650090833632,0.592892542112246,1.45797687370723,-1.2658701963329,0.255477559674782,-1.37944403837244,-1.11119681334762,1.49000657004309,-0.108415784373998,-0.735274678979995,-0.845010860353871,0.560434347527914,-1.17802170762425,0.0423975407138174,0.347452344336162,1.27788711587392,1.3730721235004,1.02672046724889e-05,-1.30935972846288,0.449359385125428,0.43302518636677
"47",2.93713248883394,2.27670687200513,0.852430641477855,1.3422794295964,-0.467557000661694,-0.315688430479569,0.185184282547492,-0.344145260666392,1.02580366719269,-0.759102030093569,-0.491957990764892,-0.0260457929407164,0.823917948974831,-0.588101728289676,0.638685741988929,0.778574260091739,0.104021655285197,-0.0298667433885957,-0.222002575924412,-1.35844518971086,0.921461964693445,1.16104142532579,-2.24615061405592
"48",-2.08271061926831,-2.70820712137755,-1.34193993576443,-0.469178511619703,-1.13935403670646,0.334610726732427,-1.90288823970511,0.706976573351135,-0.0447536650665977,0.578872778308842,0.808714150366712,0.640110792045484,-1.43989440620282,0.89612700849584,-1.18906484035693,-1.09885032106475,-0.517444380752717,-0.46398820949629,0.569578775323943,-1.40019845067718,-3.29569435260375,-0.651499409477698,0.168952591002426
"49",2.20033816529825,0.862096930141249,-0.65254515235997,0.218775970866809,0.824546118102912,0.406689263358874,-1.32020579878963,-1.58887573858414,-1.35139520523988,0.706025722046401,0.223028471787299,-1.35860019539685,1.0078192211938,-0.826107339207468,0.710340923372083,-0.417469516848647,-0.293654297504868,-0.384691054933852,-0.552409259046197,0.278484823421889,-0.0441283975076273,0.529143697269988,-0.492887715853535
"50",-0.267319965669047,-0.00173690933818395,0.29419087410624,0.453814340868086,0.0340137894595992,0.952537735685247,-1.09761673575164,-0.027538947898309,-0.365414525615195,0.230910664602318,0.621769167294326,-0.0275810068981032,-1.04904784479362,1.64200159070073,-1.5932064749934,-1.68344349201565,1.2152759863181,-0.771631413051437,-2.10694574545172,-0.0162220901626215,0.337334743231602,-1.35432701452584,0.103339714321202
"51",-1.89803517879444,-1.81057611579103,-1.01403537436315,1.04832181325768,-0.31028184140659,-2.11099499201966,-0.555356074450627,0.701663641263504,0.107650866341648,-1.20292813477866,-0.911716446697248,-1.71688383399035,0.00769825550527798,-0.362752965738794,-0.158449685220882,0.0400941508223569,-1.62283777996213,-0.858144059745262,-0.64688276920568,-1.27682322280634,-0.136481387748743,-1.52901764770792,1.17980009755546
"52",1.70007165883958,0.352261132083381,-1.00881669327373,-0.563494563460673,0.765123900455736,-1.00191656183273,-1.35813321582001,-0.998148704396655,-3.11099790968883,0.262914164061898,-0.952784930597582,-1.20671163325139,-0.0957717580822628,0.966096621780483,1.1703212420532,0.644186035094624,-0.268074404443878,-0.242948640830352,1.49383790568035,-0.396101459030098,-0.35734279354179,-0.174841355655887,-1.05477998883292
"53",0.183827766253053,0.868209602529646,-0.0557937080850344,-0.208720722393621,0.268920944051507,1.51397726290813,-0.833874096892312,-0.0048572177935023,-2.29042025619633,0.0308523901211775,0.646843645990093,0.595913542228119,-0.604411298926165,-0.470520483649609,-0.136276075584039,-1.87508547654209,0.359553108695187,0.0424412676140352,0.806764209063907,-0.618694153234119,0.419092105137265,-0.26893296780624,0.48994730776749
"54",2.24490234914264,0.222710069250613,-1.63665900393666,0.470848433231099,2.58991188455708,-1.36408368756846,-1.01624814811085,0.978477037322256,-1.420041783245,1.20344165396753,-0.520321208358764,0.746873788290005,-0.85924713601065,-0.548477441844497,0.666956865902149,0.93045203027978,1.03654244493073,-0.130736264622449,0.102915006340516,-0.285766128433409,1.13845190509723,-0.484277424523495,-0.664789826877671
"55",3.34893672558904,1.8243324819266,-0.389083418999375,0.00393318841025944,1.24000543155798,0.370711683194171,1.54413453290372,-1.47797778717856,-0.0269815367021698,0.444374112075922,1.1785053754087,0.166396077143902,-0.758827078959409,-0.512303555207556,-0.688471686676939,-0.203499643712804,0.323878589311364,-0.446520531922213,0.473174939591953,1.59425758350078,0.369620683089952,0.115536795889828,-1.42181695857849
"56",-3.09645162719784,-1.16329851218901,-0.905880292065854,-0.501492151359056,-0.88045469496681,-0.405997229278733,-1.6586009627661,1.27768102007193,-0.814417383256839,-2.62442407481673,-1.40226198976569,0.995466844155846,-0.979143727163819,-1.62474811566629,-1.23378049067576,2.22301698439465,0.119450813851271,-1.11586870740391,-0.989741813625844,0.197824583712247,-0.613921161779291,0.512361300949391,0.26794588968498
"57",-0.577400761677367,-0.257068040672163,0.899311612647745,-0.0159776766814821,0.299965224915185,0.00848680163940327,0.202041792790891,-1.39593640990609,1.07614475372592,-2.10682099244127,-0.634211007268799,-2.01618358505793,-1.16123875923373,-0.389223295731278,-1.27972729217674,-0.967936482018849,-0.366588958652715,0.489874457882547,2.35231610479729,1.13067250013784,0.566486138386925,-0.638861454743195,-1.1766391915434
"58",0.68303506760565,-0.147806247537588,-0.584816940359584,-0.160205445936566,-1.77611249433133,0.640549041426079,0.233218607527553,1.16530001019852,0.342632040348893,-0.14047821659438,-1.36064672973372,1.31793074455034,0.426194216756383,-0.450747948451511,-0.873360136956294,-1.41890144507159,-1.34519162060162,-1.48427054456603,0.0567578227788558,0.0328955792696226,-0.824241069574683,1.40678474122489,-0.253501387485473
"59",4.32131603614616,2.84251128607319,0.838517618750292,1.14042917040766,-0.414614122684833,-0.974590780298469,0.775661591029474,0.175385460153947,0.706303287506208,-0.754418625659901,-1.16998782988263,0.195385442066371,0.577617311831111,-1.75882921749744,1.4317622881974,0.329086776254242,1.68318049023034,1.40786588036092,-0.0439028793680396,-0.424560214408927,0.426051357115433,1.4158246701495,0.266009547316796
"60",2.05261300795066,2.57299544040199,-0.0794854349035498,-0.19808168193706,-1.02506291851129,-0.325246967609288,0.645165498024272,-0.584444574909764,1.20879271089894,0.499994733715593,1.00818320084179,-0.541161583250823,0.890429169290127,-1.73084862817229,-0.570325039409857,1.06994977173107,1.33785669128484,-0.787139842762829,1.94687972787169,-0.0970922912670022,0.433729327421682,0.370910595013606,1.31790730014145
"61",0.317762150520544,1.49049352163115,0.121751161548434,-0.505171121657834,0.734954734476237,0.717656624685199,0.173314310334248,-1.99995928209487,-0.3179637867005,0.65654839848847,-0.9580084797811,0.25394135567485,-0.497633535785492,-0.15734328737825,-0.922882678363777,-0.610963385100739,-1.36995833203968,-0.196778353005824,0.0290981488617867,1.2077526949979,0.957746089162801,0.220222424582938,0.879178324842607
"62",0.128082805878056,-0.121966447809934,1.09012827979785,-0.203349197749473,-0.491619365515436,0.888073786025281,0.659648506668115,-0.433141706172931,0.0409545328906307,0.704434502781777,0.990451884577718,-0.0815736958950209,-1.16907753994023,-1.38736326329321,0.349292774921647,0.975444892487551,-0.657968403949601,1.09783527351644,-0.802137668806987,1.17992202310606,-1.28546979904106,-0.557435326046654,0.141128221011097
"63",1.61461239083139,0.805344757067459,-0.702992233346292,1.44170003625029,-2.72740224518189,-1.95383628842058,1.07602177011082,-1.98897456519769,0.675082475125165,1.4021154226995,0.155708067758277,-0.0323241975651756,1.24842047619848,-0.119528603127755,1.14878643417845,1.170260584017,-1.35418633422431,-0.519639834661237,1.80182330232566,-0.112831347106491,0.198629907209901,-0.549820306596271,-1.8048161570194
"64",-1.26191383539215,-1.60407114859861,0.209463252397743,-1.28629639084122,-0.749557609559317,-0.44245822859835,0.874727065339317,0.576350986834825,1.06079941804312,-0.607962005053249,0.142162210506382,-0.381528160953858,-0.334878707639264,-0.899279066232904,-0.737838761814077,-0.616471253523675,-0.568848798981236,-0.298181137732251,-0.620719954697984,-1.55811179351749,0.150088491250774,-0.718695398004939,-0.548340533996527
"65",-0.805371166468974,1.30996041393391,0.410969128566271,-0.231508933759978,2.34153801706842,-0.542491759692728,0.625162995045692,2.19866899851701,0.0475803503898889,1.01585233820369,0.674493685032498,1.33550897555306,-1.15620753073125,-1.26304837821053,-0.667842681322597,-2.6834837670067,-0.233436220965135,-0.500994217187267,-2.08427782131092,-0.536166170244272,0.870567343717813,0.230795168357904,0.641504975612021
"66",0.76624064177477,0.885955068891264,0.294048743781253,0.654973223024646,-1.03378115743722,-1.41491394018984,-0.661588292640191,0.320144498558633,-1.23695888684115,0.104039425894188,-1.94688760605418,-0.723574829772451,0.168275137246336,0.428710901831469,1.58400039676047,-1.25963903216336,-0.772948781837711,2.23409123196435,-0.487262733025074,-0.256438245898746,-1.75636674590317,-1.25839945404147,-0.849159392219546
"67",0.608041169171842,-0.0900992077939503,-0.781715982532421,-1.05425134860214,1.01930276432971,-0.345182809092543,-0.638636513718314,-0.483500580546814,0.873399537623984,-0.219994391570712,-1.07787039943615,0.837752181480397,0.474639841649438,0.256505438691814,1.04120356030684,-1.82240313759042,1.07780767187756,0.0136106047857868,-0.761693787528308,0.508810505466081,0.586016807898628,-0.526667579258943,-0.762020581630323
"68",-0.00496448595640425,-0.854174509418315,1.68715873191847,-4.47830183326958,-1.21880474870562,0.940458931959182,-1.56563554583477,-0.763573505269613,-3.42491421878318,0.485166690309535,0.908408589713859,1.62041495429095,2.01592794026201,0.099849721874438,1.06700640786843,-1.38129058587894,-0.539236459072444,1.14756493436031,-1.16771283207706,1.47095018817041,1.46979867222492,-0.75790520026473,0.990010909925896
"69",1.94944765208854,-0.838224109261488,-0.356856402691969,0.153475988933746,-0.738835377345349,1.32931911328566,-0.75218241526066,-0.803814656262951,-1.28063216752203,0.890550699339108,-0.335156715872143,-0.798382676160607,0.432056613073819,-1.20101943714885,0.0207463125899273,-1.62598252271854,-1.33441895466436,-0.769525091902849,-1.03682722177108,0.582691248433582,-0.764564928188441,0.18771709451611,1.83124839586615
"70",2.09679204170555,3.63068219285361,0.0134094525932167,1.93646505367935,0.571466696457324,2.26906534716005,1.59410584339306,-0.211371265277393,-0.946597084191609,0.175938963380751,-1.08499913554647,0.866130337549264,0.109625607903525,0.29202526404485,0.167763757653915,0.0325484123964229,1.85592376287358,-0.178507560072646,-0.544805064481929,-0.306055246114717,0.0419585622710346,0.700426017764498,-0.229228660703945
"71",2.36556491181606,2.77890360382438,1.22471773814247,0.0867057550443705,1.28111700961534,-0.657099810722288,-0.679397813998536,-0.796521330792724,0.52772970852683,0.90575101137942,-1.05054736356805,-1.55010900233415,0.427071073957608,-0.473291205913657,0.5454771149343,-1.61192998554873,1.45833309718316,1.45564781618234,1.30633558773783,-0.683151349000454,-0.581040276357277,0.535064448251372,-0.993102197564454
"72",0.336584288110001,1.41740625769118,1.57792487166552,0.468895499172164,-1.70451681939313,0.81460293464361,-1.52066896693284,-0.662032713492442,0.59576754585105,0.86100399393447,0.730454310169018,-0.40887587019013,2.60107862737047,1.65765014979391,-1.39110302910947,-0.507759757425012,-2.86633202089497,1.89849506677561,1.77382181802489,-0.0526106568539955,-0.759733355486845,0.681120929963832,0.355117763942608
"73",0.600610155408961,-0.903391276434765,0.0848214708653938,-0.46069207288383,-0.908769201896763,0.00352425403550662,-0.754243218455174,0.235085694127148,-0.967864644748547,-1.47632465546765,0.476808204335058,-1.55491158963437,0.391899917305089,1.91092938012208,-0.427848158918328,-0.1652658816803,-2.59359605576744,1.22256820851163,0.276787494217829,1.84447718859179,-0.169208223477945,1.27382560291068,-0.0292928757346205
"74",-0.537685344813067,-3.10492009863997,0.286108439984066,-1.29956196204069,0.380323925165048,-1.80983583108416,-0.133667831186161,-0.243444130189183,0.0477156066112785,-0.936516685343709,-1.02480985482482,0.816285900980955,0.885252267521407,-1.67794488043778,-0.478043153841179,-0.0758437127872922,1.13044900325174,-0.652080949342702,0.619739529140387,-2.37039639300201,-0.138598392891605,0.226895797663,0.834383639097516
"75",1.79412205367689,0.534016683143461,-0.90713086026279,1.03692593911253,1.13325565002136,-0.557219191310727,0.0149564936208377,0.91206329330348,0.377104904892012,1.20904836680869,0.989129174913279,1.42105137618125,-1.53681824398432,-1.28408705711445,-1.06149865012744,-0.418808032599954,0.0774699580855965,1.28411602603277,0.529240807671049,-2.27943734133603,-1.21585740056691,2.42497610379326,0.617228499442976
"76",-1.2855351673876,-1.59025814498671,0.833130075962904,-1.54268818685617,0.0921851700403497,0.213864137752922,-0.494002529901865,0.631755542405317,0.651974337963057,-2.19733818235347,-0.641408579436205,1.4557414507567,-0.350330361742953,-2.12217579347521,-0.923247277675226,-0.617797508135698,1.10650282883925,0.746031600646014,1.68332996468267,-1.80868020254604,-2.99275764899274,-0.881667937283348,0.938534462749877
"77",1.8467449257742,1.40297030922799,0.210507406159277,-0.875945251281936,0.147642847189869,0.822480100555863,-1.57993063511848,0.205215238167214,0.731897385256917,-0.344369607660768,0.232859843163816,-0.103535515637216,1.19262985556544,0.234620539565977,1.01998929595809,0.454195114881518,-1.19981594757718,-0.640960949234245,0.785109254406632,-0.950672874335969,-0.686928700449523,1.04257263101397,1.05959289933689
"78",1.65347066413484,-0.668914892327192,-0.014173944702522,-0.643702182370156,-0.127531911405258,1.00728375465288,2.19644256026361,-1.39542895878657,1.66144850687235,0.859358999006391,-0.818991680974676,-1.93225564381387,0.258902353968672,2.14194120230724,-0.818816801933138,-1.73098080302897,-0.227685281068131,1.22634013800342,1.36528952388689,-0.0531366520577463,-1.15211884689997,-0.301982872659837,-1.13753320357604
"79",1.2172395867382,1.6892229874785,0.147450112039169,1.15346732401507,-0.361673876076391,0.47828189095588,-0.848431633189695,-1.21234391053177,-0.386678217839739,3.22255712144144,-0.766604817460137,-0.519084762724684,0.844143890059917,-1.79959269015187,1.23295465017825,-1.09326879790058,0.496368745345349,1.44993640580137,-2.41751706481023,2.1267185914461,1.83146349354993,0.104433477527537,-0.752655315020008
"80",-1.06141808815134,0.449582895761731,0.317601514223026,-1.00869596234964,-1.68341773130757,-0.661399985417384,1.07379038632588,0.926744494718633,-0.0927017802783479,0.865354160812592,-2.01863025050384,0.0434422797400406,-1.75735682697827,-0.302690467786315,-1.54930818330489,1.32847680275697,-1.80586519201623,-0.221071608248934,0.298187123979109,-0.579041501240273,0.0766683720635812,0.00768593244863461,-1.50639603049761
"81",2.71337701589893,0.0449637367608661,1.3456297012394,1.14948474516639,1.15629659309044,-1.85841164147084,-0.626427398322083,3.33717372405588,0.813409676169632,-0.00733911215018536,0.0196493620873154,-1.43730351074634,-0.241552651068734,-1.20212871304802,-2.06223690377238,0.126307174637968,0.170671455185147,-0.748248346848979,0.340151940352546,0.123449993060794,-1.36090121461577,0.647277714456188,1.28107814046266
"82",1.31470399112081,1.721440319312,0.635729742119383,1.50612434878109,-0.210807935077686,-1.1144244074934,0.187325587762013,-1.69506515971405,0.110608315767876,1.24763161804596,-0.61529996778811,-0.835261252613467,-0.683092580396583,0.653967832189453,1.41982927070759,-2.20340050582044,1.15356455581972,-0.922752041896357,0.585116377720825,1.28624830507812,-0.100731159485574,-0.230449839709008,-0.0156985070482227
"83",-0.717238605842705,2.20464532127272,0.0249121645470522,-0.286421213561611,1.02090315605509,1.75774662820112,-0.309456943908907,-0.186715514156459,-0.895741853171614,0.0381865790270761,-0.981738433611884,0.503668139101955,-0.111396216882169,1.70063041125329,0.72187581359557,0.919363149978402,-0.825847208993356,-0.944736088970352,-0.126565630245792,0.0946547362215073,-1.46985312514142,0.364731943337878,-0.723741760161473
"84",4.56246214915969,3.00616567936533,-0.453666106595088,0.278252609886539,0.509173090057936,0.97612764482327,-0.312608351564444,0.731295932222166,1.86504683924556,0.547053134927716,-0.037798043620121,1.22895399920811,0.647343249299432,0.0672101588083128,1.49409296940721,-0.828936286042857,0.250453296164289,0.641676196670651,1.65398866646625,0.945284111164199,0.345224823625152,1.88073314102086,-0.172314793106607
"85",1.94788531347375,2.25726230492234,-0.478371772541589,1.27327161024922,1.46620069853872,-0.625175412428603,-0.380503533092767,1.09580508737643,-0.340252061860461,-1.03148421703348,0.396581570917548,0.532727889615169,-0.539634239659175,-1.0307310063846,-0.0588979196012552,-1.74752994512379,-0.361185752098156,2.49128418353021,-0.742095814866235,0.737745673934597,0.401669938040859,0.503458296451424,-1.60459107499892
"86",0.458517907138026,1.28742552076747,0.576356714155289,0.205356317195624,1.26546987911368,0.859843688314275,-0.092767348290208,0.418868698820577,0.320474277259025,-0.698462849085419,0.875505556399093,-0.371748379047503,-1.31307501986298,-0.37922655049243,1.64123705338595,-0.106555513753117,0.247310015410859,-1.63614025946951,-1.10953639779334,-1.719787440168,-0.837526133364569,-1.01645301045449,1.25651807711619
"87",-0.773553852396542,0.649287495407773,-1.10024328960258,0.0570621230572085,-0.838422865969948,-0.460626826459791,-1.7559237904428,1.38676000180065,-0.724810109529464,-0.972898095284869,-0.606555253250964,0.504471375660144,-1.6060812450876,1.07836802870077,-0.395261940378478,1.6794146471375,0.353317340496972,-1.7810371470046,-0.687331993004562,-2.35009121759354,-0.553420719091814,-2.32354157969124,0.665222977892072
"88",-1.02453171623498,-0.433537572709322,-0.569212279838586,-0.269361724578059,0.252455469361024,-0.81770714023667,0.265344505812413,0.980594433490837,-0.518064617527568,-0.101658047455279,-2.14932830758003,0.215647509173176,-1.00483214115469,-1.81827714872219,-0.920653545693493,-0.949238547961698,0.830286625396745,-1.1138580268013,0.0388415587077061,-2.10950965342095,0.428992843313191,1.19017873170868,1.05091909070399
"89",0.47579408727237,-0.254530835247802,-0.492302531261665,-0.116387915854375,-0.237122613313253,-0.0820973660569876,-1.92052162637881,0.122611007542054,-0.184422690208713,-0.726634458180448,-0.998891104530482,-0.60202065725409,-0.24175317844221,0.436286465158536,-1.01876463895463,-1.00457431524287,-0.110828349969486,0.80475859485443,0.449492571077115,-0.090224946892388,-0.0392175994808355,0.784534609839331,0.490653948821141
"90",-1.14408232654453,-0.407691956660151,-0.249375368894763,0.81791879391194,-1.32626605027928,-1.48008586102586,0.513473020939852,-0.882279467769533,0.192521619584616,-0.633163025741874,-0.420552252779591,0.219242056111652,1.07952811168031,-0.840328308623905,0.133409394684851,-1.18513224308252,-1.26822375321769,-1.02639909366936,0.127570335314504,-0.109925742218917,0.979021063019317,-2.15160159929402,-0.861749864883757
"91",-0.855095839940125,-1.54511005095705,-0.891761328251138,-1.09061299147638,-0.980743289899951,-1.3997886683227,-1.92758491344889,-0.266257258418192,-1.18042070145987,-1.07935516827152,-0.457454960299354,-0.113758617278595,0.365850757661609,1.43188565416091,0.476995043088964,0.019636346014032,0.253486058839128,-0.266838540146103,0.268593723683814,1.24179875701215,-0.322029641396255,-0.997131141491023,-0.154995362717817
"92",-0.578406942413853,-0.664521249505565,-1.33009012272548,-1.9834384932094,-0.53900339802937,2.35883984761137,-0.955897982811336,1.07638846319784,-0.533283374139045,-0.600001193608319,-0.815030353248073,0.51589769439542,-0.639618327000585,-1.13236040846561,1.83713665283582,-0.510148729701534,-0.832007386786621,0.333532817080211,-1.27422286272178,0.566873772328696,0.555150110639545,0.199309182948406,0.677967366480388
"93",-0.223120244444918,-0.0499772094209641,0.680663012023355,-2.0879369251995,-0.704684604325935,-0.160839197715892,-0.947145403447531,0.139617365330252,0.573860952935819,0.13548248463391,0.162289530155786,-0.539875283568152,0.425747995900088,0.303791307811813,-0.0919015087576013,0.351024469805851,1.28288724325672,0.262357798588813,0.0488415016284108,-0.909407651896062,0.870932271841199,-0.700744292696651,-0.165785746883363
"94",2.047599137669,1.57893838330454,-0.159369102900426,1.31668024151674,1.51915310095845,-0.177765180231567,-0.448937053640678,-0.0272111425110613,-0.466708620221033,1.11189741241,-0.540790605153765,-0.0827370174177118,1.64868735558501,-0.845323839808934,-1.37654796181879,0.0907481446176372,1.51813100951757,0.721062520215336,-1.18181158880676,-0.777416766484948,0.81064002251679,1.85191393668279,1.08055281142345
"95",2.88964019671839,3.35882659516898,0.298886247884547,-0.280475572804881,0.441085917571845,1.67752717546041,-0.262359777650221,-0.0911768314093245,1.36485994067534,-0.14389606187553,-1.12773201183037,0.177098016387319,0.361415406048148,1.52126084286826,2.20235682772317,-0.660813418754137,-0.322134451221083,0.451613315021739,0.533229261793999,0.665801013931134,1.89639206626269,0.0241216630571405,-1.20716685653146
"96",-0.156212336017068,1.59726967205218,0.619983247010011,-1.63457722622036,-1.7565364226175,1.31096950657024,0.30737960345621,0.324713115824029,-0.16030485869102,0.376540932513869,-0.390927250278915,-0.000951848629339351,-1.0081438330302,0.179650862179823,-0.338238635552432,-0.457448093667205,0.624009469801346,0.129457443072082,1.23670541023687,-0.699672462121679,-0.0201750862618911,0.00793259162541689,0.864336521294543
"97",2.90205825321011,0.565682254142078,1.11274176389312,1.97450519804464,-0.219384713730801,0.79797725901157,0.888588587686131,-0.133243793666711,0.536439370524963,-0.336866095339687,0.809570055760835,-0.0686150069682888,-0.0518925884688635,0.215984521200669,-0.699246230412391,2.01227399187059,-0.806949716423175,0.709653273371122,-0.30138407138135,-0.771916050786528,-0.288761548167101,-0.731247652992651,1.30136723678741
"98",0.365349608110789,-0.499139886325487,0.634896694863051,1.93061537353459,1.73872562652395,-1.08778626321788,-0.461773295263641,1.30720010650651,-1.01661455680236,-0.559957053294644,-1.45640892758394,0.338313398675315,0.552991327654993,-2.09876851020161,-0.959631315106873,-0.661298003068599,0.940502975043053,0.590843351711035,0.258374670864048,-0.36621958367738,-0.656028499233737,-1.07787721522997,-1.4714812097011
"99",-0.0154109314100388,-0.835835225554826,-0.974721452083175,-0.313561684406758,0.803034185175506,-0.948457275190232,-0.0133944731656409,0.855890787988568,0.84955907521262,-0.566737434466533,-1.24202651440618,0.449367371595428,-1.21941810218705,1.09308283754387,-1.81678073109617,-0.187410258918698,0.707365317749457,-1.12170540891502,-0.318742571711706,-1.13349026057746,0.628220730147148,-2.14493905447945,1.62156338603029
"100",0.676632205056102,-1.40263336286267,0.299282566718321,0.343369630461753,0.333471469034993,0.282811710205179,0.131710859985562,-0.436301210461759,0.552148073400811,-0.351869687172027,1.82638275167736,-1.05120424527109,0.581291252716467,0.939727932905138,-0.805959661934952,-0.366852757743231,-0.168139770969318,-0.711102777876365,0.352719846857842,1.1942080386714,-1.92246144769237,-3.01046300443362,0.282922638243411
"101",1.88137044945771,2.64650672878492,0.326946781655467,0.0125683455986944,1.27348096541538,0.136920638680827,-0.0140457729863383,-1.28795043005897,-1.14523462180758,-0.520703908076146,-0.235808233018692,0.451161336829624,0.753002740524504,0.635293915738557,-1.10928043287146,0.0641326646533344,2.49663883793295,1.37726639982422,-1.43960480385836,-0.996151906662358,0.363812053101631,1.24028441074036,1.18904790408676
"102",3.80144738344423,0.99776267521585,0.255459576691361,0.905743136561186,-0.913109088682671,0.252055656565757,-1.08118132626063,-0.353288904206409,0.14943039729449,-0.687272073937504,-1.36983782679179,0.958110937546143,-0.336224311436037,0.301686773884041,-0.676119380341041,0.169316963091458,1.45953496169475,0.22015052495871,0.4964758954997,1.11495463373281,0.207678258595846,-0.143179013682646,-0.555618787178134
"103",-2.83684230386605,-1.26983414378527,-1.33094946232742,-0.156351296267087,0.145259330975788,0.967143717174301,0.577335947655806,-0.118838674902945,-1.86890636717388,-2.12017078310193,-2.6826314797894,-2.33966689629496,-1.06032263506333,-0.511665731759651,-0.117273874822328,-0.794022223829691,-0.621422623934089,-1.60772296884833,-1.24253844516836,-0.668178066168069,1.22050093856954,0.779282039557205,0.682179941074724
"104",-0.432678625081312,1.53507547924193,-0.240292336014447,0.39884589856833,0.341443806885155,-0.35208834375054,-1.5658066373604,-0.498690069923528,-0.742817488429754,-1.54819154913935,2.42937385082704,0.604702253675124,1.6350090652583,-0.0349153525960022,-1.3574164767156,0.0566443566249943,0.35242450956304,0.677237028342316,-0.31435570882696,-0.368951232421173,-1.8122218921245,0.014735609573797,-0.747264972320558
"105",-2.19031439089385,-2.08742904248083,-0.185422536139617,-0.872821950210983,-0.486894199960647,0.930168982664184,-0.319031722278905,0.623785054864889,-0.353137640134257,0.120359299253979,1.63620125460659,-2.15508084378561,-0.33308072895435,-1.7705483315044,-2.10172660657459,0.456524006862903,0.971962115000517,-1.31014587522988,-1.37275494834962,-0.396859759530445,-0.559942800256174,0.211249004213796,-1.11566236499324
"106",3.25145066258556,2.20167889684275,-0.134694153553167,1.79547558773871,1.50504930290248,0.514659473141227,1.03309189342603,0.20349632788731,0.61225833061309,0.636859460777018,-1.92229354082354,0.591833300253052,-0.967756063354343,-0.23708525107417,1.59565373265052,-0.0639586696353336,1.90811075496686,-0.135772774367223,0.326834492367858,0.257017828564452,1.63957132330033,-0.872933867990727,-0.114334715129805
"107",0.435123413158913,-0.768728723808318,-0.653133129198274,0.0160266708998206,-2.08680263026217,-0.870611249157369,0.638088390064575,0.137271796205939,0.568144978119531,-2.50830723282072,1.72849542380054,-0.585901586944094,1.79265298778744,0.323760769059312,-0.169908041428366,-1.84751951856372,0.859929736251211,1.85295673265639,-0.490768637412239,0.69156466643073,0.569575373983467,-0.623354395773546,2.22770038179375
"108",3.73682650094299,2.98737316517162,-0.363561015605584,1.07492005453657,-1.19844835844509,-0.276113794222741,-1.39178879404184,0.00308944690907335,0.970830775560753,-1.6265021044746,1.1005611406149,-0.0498640606910237,0.925218069281707,1.40296341745379,0.00235567585342462,0.709192167024582,0.320857662621342,1.29865671179424,0.28572776238635,-0.103691015496495,-0.0104431355909458,0.82433751724904,1.17160680138391
"109",2.83720623507275,1.58410876324714,0.525360427716567,0.146869182414031,1.94678104374416,-0.00220561059594774,-1.0854142365881,-0.52691769879835,0.275659815593973,-0.488054766956919,0.105595144651492,-0.91672478807213,0.111271672075868,-0.76874379700607,-0.613472184026711,2.09200454043431,1.38912723931731,1.76243133024926,-0.352853864214929,-0.444328970569793,1.2495842178972,0.180894815072642,-0.488609497564403
"110",2.49122238660794,1.29219723607272,-2.42969847130861,-0.463093043832363,0.177668125577926,-0.186837595522457,-1.54161483305127,1.18734678039008,0.257785108085765,1.28398616894741,0.126776290809439,0.269050436278427,1.05622776633013,-1.35947141842441,1.12143326463706,0.14680516538309,2.6303903991331,0.237158583176747,-1.16535624814714,-0.95958894921752,0.0142050371106749,-0.193207216310396,0.385551765141261
"111",1.85710046328765,2.84007657030245,-0.114929017186548,0.208259769677073,0.401012162935322,-0.663950080615328,0.174739655502766,1.20239532802929,0.349221051607239,1.11455291386306,0.364984655639223,0.0861446920493269,2.43895676125187,0.0989063792453003,0.519623459572037,-0.737392107861469,-0.494559118860656,1.18846632997768,-0.559779175852856,0.0981513077185045,0.0811055013597154,0.825787000181038,0.44930056628737
"112",-0.656111882494812,-0.577821276457117,0.505798437455768,-1.61262845274137,0.791246758973075,0.138801876032842,-0.373148738043529,0.0707234157521574,-1.23140389069596,-0.268089472031214,-2.08295118024183,-0.00397171187135203,0.924819963712532,0.833434033582158,0.213393325924375,-0.636442523702345,0.594010433443292,-0.350040230472662,0.111537129283661,-0.0351495866912943,0.236816767378649,-1.21868196378797,-0.670948642448279
"113",1.40184930533505,-0.028415875423849,0.476060842966726,2.62007305089451,0.437623996172478,-0.684358502890563,-2.02741056221374,0.0836631714369078,-0.386419155671155,0.527842140016366,0.219226741252428,0.0769724570395012,0.0253804355901757,-1.01203024190793,-0.104072150400797,-1.99352521704729,-1.16423955231373,-1.94428178907501,-0.916038676558739,2.34110917110746,1.07350665061038,0.778911188996382,0.268063030061456
"114",1.39533796241021,2.06082940427426,-0.372434388066569,-0.924117656085885,-0.286739586636572,1.83542213841565,0.198620551880276,-0.820055075358456,1.78949861765346,0.907873320337665,0.0559127372145905,-0.030011620750576,-0.144856635424417,0.0404981812282991,0.394719182702078,-0.867624801206323,-0.036351829184452,0.703155515184967,-0.704022891769585,-0.357405894615797,-0.830578763533144,-1.45695814535386,-0.291212038516154
"115",0.377509082162905,1.37347686679537,0.8912215646816,-0.629165674685566,-0.615771812191898,-0.796881830394824,-1.24881717869401,0.85989314416745,-1.65237953829716,-0.164540174700457,-0.383199018555055,0.247869712281187,0.163388618968566,-0.153270129409729,1.75530128952782,0.227835537319299,-1.51023662808732,0.364039485852992,0.0927384442767461,0.476691079375195,1.56018556333734,-0.251894063329558,0.394038029998196
"116",-0.116446867226116,-0.0965414242854468,-1.71444550302987,0.146215978676235,-0.879476249753584,-1.66587805450167,2.9178439549891,-0.607138082598449,0.257190944282475,-0.382512465795108,-0.949831213618492,-0.968090615533693,-2.03325415537193,-0.840741113109436,-0.945587456044998,1.15558812429084,1.03274972962673,-0.915133657277939,1.76013092465091,0.669494140291813,-0.54878563684902,1.34933409276467,0.0248468501316708
"117",1.65216828507604,1.82143809883984,0.451595753606303,0.919181556056531,-0.947945176389494,1.69875289866804,-1.04906050713014,-1.41438166850899,-0.822830102300034,-1.37136655288713,-0.0160016178940175,1.70228128304466,-0.227326565269337,0.336218706725253,0.714538316269227,1.35370127203759,-1.74882813271234,0.657752848217291,0.756781433623654,-1.20581142790562,1.43095655389918,-0.382816286804005,0.663131433700373
"118",-0.572123199924994,-0.00678410087980535,-0.603405796264247,-1.81430862061262,-0.659198168748363,0.0665487327994416,-1.07261523803418,0.818926399663449,1.48960902011478,0.124530772210951,-0.21368616526764,0.0378069181219575,-0.037757873625203,-1.18416554884045,-0.713050901610265,-0.467860773105114,-0.0496724549698816,0.187444778140514,2.61483288006202,-0.837907891944911,0.327368151278217,-0.843334629470964,0.794566283163059
"119",2.77031054280717,1.8902307956572,0.654656952327303,0.317642838645852,-0.00721030358694458,0.469406858075647,-0.403243153077747,-1.07538136782152,0.420098111413803,0.561116784635878,-0.561058528033172,-0.470055045690174,1.33732682375652,-0.949003146902419,0.951814390138397,-1.4957503936703,1.41489297669942,-0.287445637697475,-0.0622376313588474,-0.307511226487779,0.870014106146824,0.0403820950901949,-0.131074806344933
"120",4.39550906311597,4.39658283034808,-0.931919474038859,-0.339255860995035,1.51225740715486,1.00909402326099,-0.946272661719094,1.83343511843384,0.528758535677854,1.85167946718533,1.51130530140849,2.44804006387325,-1.18596378056661,1.15139697266293,0.0981849757664612,1.05399747727564,1.26311802034519,2.04588701513583,0.902769865407782,-0.371418963847029,0.183733972593775,-0.872671139489809,0.647735761094885
"121",1.18200394611843,1.14851126597456,-1.25798407785992,-1.43640826824135,0.158354059563999,-0.138266086762341,-0.313220431986244,0.907625892288717,-0.84239011449941,-0.179961422365506,0.777102942191277,-0.193476892287152,-1.1285047047809,-1.02729943963534,1.71730313077442,-0.551052482001348,1.91419511589992,0.348101779045037,0.512102168578848,-0.320995997106137,1.16697427170358,0.392786761748937,-0.821148700781925
"122",0.490653570595186,1.4832709887516,-0.342364125998039,0.325015141662006,1.38433838689078,-0.451333893589096,0.636381115236383,-0.431625943409036,-1.04756930548361,1.46632099070348,0.958388514935875,0.486585463336803,0.362167462290947,0.663542045055074,1.00551313509436,0.150077656955761,-0.67253073236356,0.205217760685475,0.0852844243711805,-0.23447843641335,-0.886994961159424,-0.946027915969599,-0.462477478260502
"123",-0.831400999277956,0.433013678572961,0.672920306163302,-0.350322681316814,-0.559619777345276,-1.62717158914766,-0.0874903370755969,0.723536668405781,2.2349545712622,0.428803010005447,0.502920511374354,-0.335728341484569,1.05203471624667,-4.25321925288536,-0.6893743527077,0.282106165555866,-0.399262190446582,-0.361534958352109,0.779404795705284,-1.55691221762671,-1.19253562282528,0.945636832665935,0.0264608314138003
"124",2.5703555895111,1.70096454666282,1.32096954008331,-0.434136059371675,-0.221961073173832,-0.619477481110582,0.492063688028436,0.0215605176160519,0.274312740334121,-0.0840233062619974,-0.589352355249146,-0.814186916817617,0.734957522393273,1.52295401202712,1.48734306956084,0.269635851805856,-0.490628825599383,0.0809724320647187,0.861672034671582,1.03164653230466,0.707694288960575,0.969998493478206,0.200191298282781
"125",0.258841244774288,0.10933079300039,-0.539736510648009,-0.358001074869841,-1.85253706439262,0.961021489107857,-1.68774141001767,1.77565590225416,1.35400838140944,-0.124445348243516,-0.2294440331093,-1.18581217028322,-0.798326861549046,1.37396486594714,-1.56650225777353,-0.559621884269873,-0.259913282560427,-0.528389996217922,0.440511429950177,-1.0960632483334,-0.237032786158886,0.941833830606751,-0.00792523200163929
"126",3.2193623521804,2.5731708061218,0.261884526112707,1.42345526795263,1.13617339863531,-0.601563761028981,1.62152308063157,1.59353950797678,0.469643444942552,-1.68920811864939,0.536585103671956,1.72109842977598,-0.729726677938577,1.08317486429114,0.479790024945947,0.08240172694377,-1.14413206737286,1.47921510067296,0.805048635424577,0.748078819069375,-0.927229534820754,-0.309395007371675,-0.315396982234919
"127",3.12309334683882,3.61438382375935,0.0585090595350416,0.641513917652221,1.02565267329232,-0.287890472599699,0.69816232752697,0.23417884259807,0.487634895065123,-1.31051106766502,-0.600678461677792,-0.340072207759965,-0.874160823285604,0.489977088205942,1.12182694182443,1.62056777099639,-0.112181732804731,0.331864161144814,1.57598764939199,1.14995649181611,-0.197813731969316,0.969316550913723,0.77125325598424
"128",0.324462396036433,0.325843204493853,-0.198490080915689,-0.291704223319667,0.641341042800662,-0.272869098085075,-0.638906126727512,-0.768354683122526,-0.774190093252464,1.10416975596724,-1.42424013494822,-1.12759387011544,-1.27768978012801,0.903622179179617,-0.230484232313765,0.550231498791331,0.666545452171445,0.107662788446749,0.677004408593807,-0.469039797489322,1.61724486334146,-0.527328748949622,-1.48820906224556
"129",-0.565942366382171,-1.0996896811629,-0.306836254577728,-0.465034377277492,-0.771170471814958,0.508763226898708,-0.150930780586044,-0.639260880762573,-0.595372790991103,-0.28005676538619,-0.533011393188656,-0.685199442949753,-1.62274540418854,-0.949948361520697,-0.580026549743278,0.632675000024399,-0.819916201807054,1.00604905345268,-0.52246742564653,-0.63562243083406,-1.87627216427696,-0.168407874300361,-0.70810267471035
"130",3.05542730963519,2.08372509051407,-0.57696650713433,-1.55728218533411,-0.582444534113279,-0.974737435665691,0.574026737451291,1.33842811690468,0.740129190061666,-0.382666370490041,-0.711942838516429,2.21841515028561,-2.55777487590855,-0.314814248780243,1.46898934415934,0.751084354830365,1.11805602602524,1.04682274181119,-1.1888585356797,-2.31133941591732,1.60314677274801,1.1651187997681,1.61545932852359
"131",3.3252014749213,0.695009934716512,0.111596764007615,0.0181269966184108,1.23634274297104,-0.728709836533135,2.17695030764807,0.332814403950203,0.109631222354882,1.76245093259999,0.331713694260322,0.206098863934304,0.102581982764413,-0.666429414840085,0.810340919042683,1.10275422424387,0.151533154089723,-0.89210770123885,0.81599042566862,1.04421714821614,-2.10351974004272,-1.31161863296122,-0.520735282093469
"132",1.0838996759253,-0.401381462061971,-1.22972470277656,0.555599672144984,-0.50297758031677,0.0935286508281638,-0.137792086955915,-1.81533692474363,0.0766719084538502,-0.215744180080789,0.662045021771236,-0.169906352612887,-2.20480026671431,-0.303367988535794,0.937506002386167,0.646246035742545,-0.611060565961022,-2.07334160811219,-0.648832624965019,-1.79614264966201,1.35736807761662,0.590584001928988,-0.232502457709074
"133",0.299672162026355,0.275525716749919,0.918736659266083,0.233491916086889,-0.882722357119454,-2.40594943364386,-0.307764019412128,0.100657041288907,-0.708163546048148,-0.531274233695748,-0.847737479787365,2.17373877847857,-1.64089684695728,-0.0400832017551673,-0.307109912685902,0.374577008746128,1.38870740561724,-0.52099389817959,1.19064279477763,-0.676135375326132,-1.82373303727271,3.28768985805598,0.714738687974924
"134",0.673260721803997,3.19374643157795,1.01795721330004,-0.946624831359843,-0.452287346735639,-0.2104605314023,-0.968658656720557,1.04589273581101,0.435627498420343,1.14761762904967,-1.00766951005367,0.162288315918443,0.0976534045834886,-2.08624318635997,0.257979117412689,-1.61398570665883,0.662526072247807,-0.519232185410705,1.72051547074763,1.28267917859913,0.222121926615081,-0.492285301109922,0.461114118055872
"135",-1.14800083177402,-0.325578418247496,0.148475794150067,0.426682533045385,-0.868446763814988,0.602715468151938,-0.22646368440694,-0.0152165281677378,1.13783137161,-0.403890143697208,-0.561882954285347,0.558820271577357,1.43870050891406,-0.260443725800831,-0.74643923487836,0.104326963839285,-1.32104071099969,-0.268902172944681,-0.120709675281653,0.406054919783151,-0.834022294364356,-2.54378518046181,-0.284710183622913
"136",-0.565135523759148,-0.14456513464454,-1.36582655776796,-0.388740908431995,1.81332127815873,0.675108833028845,0.0552805020120605,-1.25255331975149,-1.5070227780095,0.123207617043559,1.53816817504704,-0.889394054463956,-0.0464596381670361,-0.296467119355856,-0.3772461401343,-0.565872133439511,-0.32192156448224,-1.61047284819841,-0.0787626190948784,-0.49524726917092,-0.471416012412993,0.472506078227906,-0.0418532412527323
"137",-0.35218582907367,-0.00980086228410644,-1.34024877931987,1.08349776293749,1.4549215991586,-1.71744013691099,-0.992129910233244,-0.84241112665456,-0.825423824704404,-1.91722346984612,0.615365979999862,0.34448701173985,0.355673546642449,-0.596027871028117,-0.758373880160171,2.28165100422189,0.143458826469469,0.281875751784645,1.14287637583753,-1.56483881174426,-1.92521889645377,0.356755977233593,0.424648173509497
"138",1.29738866771968,-0.372674304144006,0.87091401786031,1.10251130131393,0.942923493536655,-0.749573560432673,-1.67440496254619,-0.792433204327795,-1.19471471407082,0.811195459630036,0.496846474108837,-0.0240049309615712,0.997084760190707,0.376539136677947,-1.78707034862346,-0.416942037783429,0.632835328118278,-0.783974853466596,-0.674842473978619,-0.571094297947365,0.591633916098362,1.18886750967162,0.460287965417876
"139",1.23190713270415,1.67368493867919,0.83906641880488,-0.556239555869684,-0.85589839146485,0.638367997458989,1.33935841120284,-0.477085902693645,-1.43860913740641,-0.0402503872080106,0.31707124430949,-2.03783657076872,1.62798635029996,-0.842379890679023,2.0715645967782,1.28668252067189,-0.336108528256699,-0.849761077909954,-0.136377253357288,-0.286640605567617,-0.7899197140953,-0.512427968710748,2.53068807600623
"140",0.285904948085547,-0.606715392761459,-0.869484707103922,-1.6026450598646,-1.15019294240817,2.2044113741649,-0.250183980810602,-0.441963854959352,1.39002858418801,-1.12106809725283,0.677427884064332,-0.648706955119604,0.0494416692980269,-0.690776211691679,0.214822753681731,0.507218053207826,1.3148669453604,-0.355680909895177,1.73980030529905,0.039891464802073,0.0995225207726335,1.14215799288422,-0.345781431680243
"141",0.157127790241476,0.0621741783874885,0.573749939630719,-0.0860617053078772,0.959235544804173,0.783893319762334,-0.590963145780421,-0.115303072138305,0.0175298175465555,-1.67170643081541,0.107268957118488,-0.497351441401404,-1.33233407782249,-0.382412799349209,-1.388444789995,-0.907399327576142,-0.997673650404387,-0.903372887488284,0.292514206696962,-1.34665011123941,-0.950093853702115,-0.871457438170513,0.114831089470621
"142",-0.12445063863844,-0.567203077097006,0.859404745091477,0.478303794450156,0.301627355741917,0.947852376716333,1.14914808558544,-0.00914466915578334,-0.772355072580379,-2.39002457502138,-1.56914197454324,-0.455682933333256,-1.9998310323748,-1.48406323048192,1.69845639700358,0.442428159991142,-0.786486940915816,1.48191766930538,-0.672049918378845,-2.47985976878971,1.30177978644285,-0.578918366249766,1.34316848483971
"143",-0.553584532199581,-0.616602786603881,-0.744862547609497,-0.139302527076674,-2.2656894538636,-0.290009557879424,-0.885607221049646,1.21782975283234,1.15141913767583,0.873389501198665,-1.25314951278839,0.566479605808624,0.160231456467042,-0.605929092844134,0.950069398676284,-0.495357299155734,0.712789341568491,-0.606994262709265,1.60834713578212,-0.541452646827592,-1.6546395945864,0.0879094986547447,0.0765223562999354
"144",0.245856524391424,-0.156070217817759,-1.42708663456367,1.14516839028469,-1.54614820708945,-0.267898309953331,0.468649391027166,-0.599220699281117,0.61551242369724,-0.392179326313767,-0.416605126742064,-1.02711380208893,-1.24519553040011,-1.05368557591136,-0.74365123236951,0.16723264778772,-0.511791717419594,1.26948061727973,-0.275068181908878,0.906288846884632,-0.349497296325636,-1.46024536574811,-0.306273162370588
"145",3.17251302461041,2.59708084332494,-1.1189253358449,0.560564128800273,0.320145426302947,-0.943084118891534,-0.534885626697381,-0.0679070543953089,1.22283590587163,-0.102453368110394,0.275061422135276,0.406237762238703,-1.86031300656674,1.40283683500988,0.00631824864212764,-1.58956017953821,-1.17365079446897,-0.0667867096546571,-1.08561692884036,2.28319801454264,1.67118297895548,0.461505007924218,1.38341749067967
"146",2.56545495691815,2.30470073934886,0.469686324095069,-0.368347641501384,-0.158578731493002,-0.167120313822119,-0.765028564080237,-0.270040262817075,1.25263917794997,0.7763838523609,1.3423213529267,0.849588780643439,0.375409607133618,2.18417736032421,-0.754286358999393,-1.09313983005727,1.0812012458745,-0.017876716024741,0.565477793833401,-1.13995849307924,-1.09429983688478,0.646231437384866,-1.16149411829475
"147",0.836021156841925,2.35701677901422,0.573702055597783,-0.231198309704563,-0.266513954970559,0.854402804889896,0.253284357443931,1.3919607881415,0.203905866868792,-2.59731428692921,-0.629963834033042,-0.499918508216955,0.311991177778475,0.0425315823221567,-0.692940937594215,-0.93679307833028,0.853590826221003,1.13771379565321,1.15846384386632,-0.868712291822061,1.07954710807711,0.592316242780631,1.90414712623348
"148",-1.25668411271775,-0.146103496354614,0.213275679929687,-0.154712421190756,-0.196757650253224,1.47495296888331,-0.763044595225253,-1.79005188880102,0.874103354976878,-0.584532790806799,0.706269071252116,-0.147241719697035,0.485288602558956,-0.14168078988251,0.577480910455265,-2.69125406619469,-1.21920613186246,-0.0564131325806104,2.21646104353307,0.139711394238581,0.201937220515034,-2.03713144866778,-0.528132483644504
"149",0.379202383309426,-0.643670399048886,-0.0521896421948638,0.33535302503307,-0.0977648662368385,1.28091859777556,1.45784831552561,-1.26118116681118,1.06588325627909,-0.951505585351896,-0.598477815171242,0.0550220014333971,-2.12331752643808,0.454257999228229,-0.51986204284293,-1.33193671887452,-1.09003821350105,-1.06636386684461,-1.05217703620883,-0.219249843052754,-0.0560915903517385,0.33636847285553,-0.0671612515240772
"150",0.747877358626206,-0.0821168541961037,-1.55273640398202,0.304590279133314,0.517801978600361,0.0851711303456007,-0.496294602809285,2.29888510870558,-0.522032405522448,1.56083905737109,-1.07464915795583,-0.230742232383656,0.343619628999893,-1.17202488838811,1.16257052588166,0.0724269140912451,-2.007681863445,0.437655903332999,0.114051619105115,-0.484958667570639,-1.77446945323146,0.0124279286945566,0.686212441334243
"151",-1.52528369660807,-1.45321133010639,-0.209237638492134,0.48175477122055,2.19064846033138,-0.0349855083501252,-0.116440694998167,-0.285863825012834,0.647306886997862,-0.0421008483363819,1.01187070693067,-1.59472645308863,-0.260151921915438,-1.11213513278022,-0.0531578056746752,-0.535636119114791,-0.781377205131845,0.152750743823526,-1.39754926069444,-0.454689732438526,-0.641281706394925,-0.464383567860496,0.329914923625061
"152",3.46180106727858,3.45687699976819,1.4192036651568,2.05159364395759,-0.355078962949048,-0.382933674385018,-0.401444062351246,-0.731160728096168,-0.524300814227899,-0.720386076283821,3.09714910115665,0.147019935312792,-1.18529482175212,-0.429183863387741,1.29494773756569,-0.00381066942377068,0.275439130733884,0.0412645966386191,-0.167660236999064,0.80516985020137,0.537903200674829,1.90294728118384,-1.80435318178827
"153",2.82176236578404,2.51631591436382,0.293295367124471,-0.826930457436064,0.264746832516802,-0.380525084976662,-0.52978710403659,0.133205825445685,-0.289460885582683,0.766782854880853,0.462020528686418,0.757158317210981,0.248569393516179,0.206033943821549,0.657508564458044,0.315435052797412,0.966814488737398,-0.100004991322046,0.66245094455488,0.667282862616082,-1.18757902640843,-0.441236402537325,-0.28027068445575
"154",0.968546938790521,1.15872956022923,0.409862875767575,0.26293935056851,0.953633198097861,-0.0864576414157243,0.437043973257891,0.0135608116671719,-0.744488230762301,0.691306551767025,-0.158638477359168,-0.363812238632853,0.351765089886187,-1.82349377536622,-0.854631571920162,0.829945757664222,-1.49967894563425,-0.751890861685608,0.683510558288429,-0.507088252875509,-0.489184550548384,2.22974052277164,-0.691340421815431
"155",-1.86766322521094,-1.13262029588841,-0.284433427579498,0.281027803483239,-0.259701269666326,-1.43134179993245,-0.168731067338931,0.826300603601906,-0.478558036297973,-2.30257153198274,-0.1046535921378,-0.190776446705811,0.00818845403317032,-0.79321733603105,-0.925655347411416,1.82659279060783,-1.22287197027763,-1.64398409168437,0.0879732702570118,-1.41901553529527,-0.813687187013128,0.301981643135146,-0.700145652014846
"156",-0.263091531620013,-0.807842070534852,0.288752985913041,-1.10734498667063,-1.04532941109607,0.379775855468994,1.80467967952566,-0.863184263438172,0.389095931299397,-0.197570990932769,0.737568586034791,0.638018384367244,-1.95833502783913,1.06911022388364,-1.38433652963504,-0.754810789500104,0.480649637955348,1.00426985594983,-0.0904493481975771,-0.0846135740275524,-1.49602652727431,0.361633129460047,0.0387751937505159
"157",-0.290170905215539,-0.312253167565616,0.602654337150996,-1.50933018292301,1.54256539706269,-0.113644074386618,-1.07746655027397,0.23195721523533,0.87222242642591,0.906535822017252,0.728775353618776,-0.142738635444843,0.983714160105537,-1.3910197138975,-0.172606838688357,-1.07839990225942,-1.27263954087017,0.394235963388658,-1.6787742009306,-0.463663746857273,0.825521257980603,0.701451628076653,-1.53623968858597
"158",2.62002308794302,1.18009741801117,-0.0258359706268798,-1.11619605618168,0.0755811785645173,0.28189912615154,1.59106572171634,1.28569802555927,0.974674162717594,0.688735557512409,-0.849610057034689,-1.3421623220408,1.15890875454696,-0.371520394813363,-0.239450268352902,-0.245920915269306,-0.0303759923166684,-1.51015657687826,-0.704514320328008,1.22061913315331,1.33411753301233,1.53601184566795,-2.57651927453036
"159",2.75543407916841,3.20902896791114,1.42552798929554,-0.0839831036439041,-0.629370262713833,0.889591640477187,0.682563443798129,-1.35665873410668,-0.182020472846737,0.629276842338188,1.31364170166802,0.532796329291236,1.3382279090331,0.562157926813538,0.0469319223961426,-1.0354694787674,0.703747152123807,0.377364316152442,0.252351611813706,-0.746800615109109,-0.187910753979071,2.36081907841901,-0.776837443392963
"160",1.7969362866227,0.707105472029774,0.112555386019788,0.0406293353033993,0.739015257453283,-1.25678596510185,0.0378912674368082,-0.672825806368894,1.27654581566406,0.280869221985274,-0.542228456250441,-0.0261819684305853,-0.0253944366384539,-0.0838469235457216,-0.392008134918944,-1.4120690476859,0.0356292115900796,0.163333085260135,-0.893100631328965,0.580187892247528,-1.66650687158295,0.653323494159532,-2.2646644903538
"161",0.92170799551887,-0.179787336732534,0.442486934734011,-1.79004631663037,0.199687977999784,-0.104446956369715,-1.06579129801954,-0.352672341148876,1.24660291274513,-0.42776707543608,1.14282815420322,0.663887598439815,0.678787959409553,0.561185604837071,1.21447384437845,2.11083766987473,0.945461492643139,0.249483469652809,0.0680689844977001,-0.767341120538213,-1.82698254664862,-1.51221378008349,-0.355141897778742
"162",1.59318522573819,1.52647833807964,1.08526043653909,0.79070713100729,0.221440968551813,-0.537634930235842,-0.869337393368019,1.40807271506155,0.948895020949562,-0.0103001958349841,0.317663751972873,-0.32003755077802,0.0770460773273816,-0.548678556805099,-0.773051235668835,0.149589587629142,-1.53760287367109,-0.0582940850881395,-1.06199915299694,-0.193412296384823,-1.08602811758422,0.289561400958235,-1.50442296189986
"163",1.03352892802236,-0.113814827343204,0.900044927844796,-0.167306397812213,-0.466102771696654,-0.19756968945101,-2.05229680253384,-0.506892984767374,0.665865722372596,-0.435979095827162,-1.08815401472862,0.552118331670114,0.251297987231679,-0.464078391085591,0.00295854131847113,2.00025707389044,0.725116969904045,-0.923582670655013,0.00855816965629276,0.551756097249717,0.527248796625312,-0.156887864698734,-1.1212517989052
"164",2.04661209350375,-0.455207589227161,0.615870818226191,-0.0739641396770531,0.64196098009793,-0.754140565266298,-0.329634620319774,0.355201544976788,0.0745641820820741,-0.201839089522042,1.65628593559423,-0.234326468661898,-1.57263406745047,0.954892339517855,-0.245155529713182,-0.646916877222676,0.848913860981158,0.655688075458937,-0.710967027249727,-0.739835976591258,0.643436696985117,-1.60570986398743,-0.747762481719851
"165",0.0710410261329101,0.928929372423327,2.20714599009766,-0.624018999045615,1.06275818440019,-0.235288377634491,-0.890646034839257,-1.99207566271045,-0.738120806818713,0.817234167988696,0.106407101336053,-0.231375042374142,-0.53057677249742,-0.408621052655813,0.391848263308804,-1.04972080205075,-0.813260232734114,-1.0762415653529,-0.197201258370583,-0.0615951866698628,-0.743536851014601,0.960088949852985,-1.48105852355389
"166",-0.0760196903374075,1.17352072710224,-0.542958634721604,-1.25646234528598,-0.861254789263381,0.958928748024215,0.00896714740377295,0.200401953307896,-0.147028015148574,-0.0975055093669329,0.611816545841634,-0.42444329250799,0.988881127559975,0.199631293518222,1.39452247025314,0.414131464258334,-1.25428677921459,1.58353752806141,0.448254236615391,0.390241771388411,-0.301170038735961,-1.33417420680408,0.650150317048232
"167",2.71063559480709,2.68548326777764,0.854109965740291,1.13063995296952,-0.794451608769368,1.62502791656023,0.133142539965163,-0.112670366074696,-0.201929624208647,0.790623554348153,1.01538719362509,-0.76351741532468,-0.865419397492803,0.655140287602688,-0.221544042658481,-2.18569701421627,0.966350112421969,-0.336475284731387,0.421265815007301,1.01928238399468,1.39167225112155,2.13163227507655,-1.46008904372577
"168",-0.33630244892634,0.115074800718602,-2.52475620318648,-0.0462670003061978,0.323516356369865,0.375843223065174,0.139831117188358,1.3642590741853,-0.036805989608577,0.968021608029056,-0.591119801417345,-1.61421574831593,-1.31883604808123,0.308992457090449,-1.40243454622335,1.81897003023226,-0.483398268914419,0.922134789883636,0.292125040885583,-1.75182194139845,-0.332098261777204,-0.573709789864069,-0.127850992870732
"169",-0.368508891224437,2.52045619844815,-0.535967789397479,-0.0881481963474953,-0.610384004072455,2.07030421099241,0.260050291164828,0.493623321495571,0.239603859411392,-1.68239043312777,-0.352759927973576,0.274313200640433,-1.41338260323176,-0.681998559047163,-0.788003672241121,-0.712250531935404,-1.1786508484956,0.901445266397873,0.133691780551473,1.63309923729195,0.746981618747436,1.64590027067394,0.245418402858954
"170",4.0738972269296,1.53445927513843,-1.23332537508133,0.276323043111386,-0.813015222009149,0.0785893720423829,1.07362469082953,1.54272952126077,1.85240857959846,1.38222503214219,0.121847841417617,1.16666466116505,0.0363545254628132,-0.641484023691099,0.549148508144341,1.51558082921914,-0.586861673155569,-0.728892530824912,0.87348224738376,-0.8189492477161,0.107913392057353,1.00199143244029,-1.14350435949149
"171",-1.52437087965865,0.0664675172298524,0.478790828608055,0.658461349932197,-0.439572949445349,-0.831726074697957,-0.831709348686415,0.227554219971999,0.157930879816623,-1.64557832446557,0.158270032919401,-0.0214385137891633,-1.55745599018601,1.20572568030717,-0.272647740314632,-0.0358936496266232,0.99579444883355,0.437373220047761,-1.54257443172717,-1.84559486287207,-0.57284701844828,-0.644990499975552,-0.150044514891319
"172",-0.408277771772362,-0.563912798854798,-0.652224960873456,0.389941613189232,-1.29400338250063,1.62878462149357,-0.930352497109279,-1.30287936298075,0.551141465024152,-2.3846309504881,-2.08456445215289,-0.252818145939049,0.983827516251574,-0.453692959957561,0.430675818719388,-1.34933124379299,-0.152126878778719,-0.382867813346363,-0.230595119169284,-1.10617205323562,-0.499971970736123,0.428217375678907,1.12792313752894
"173",2.44019060786045,1.42603428649265,-1.77582417892394,-0.488403657027501,-0.950562053521723,-0.61249430966054,1.2296585908042,0.561029268851384,1.3101567628387,-1.19484725629472,0.122502202518774,0.548623405221064,0.00349370951563048,1.33990002499012,0.638741993797656,-0.535157396769048,-0.416636075373781,0.282611354663216,1.16416211334877,-1.01246911979842,0.00671573235890926,-0.696771590563711,-0.77516776086528
"174",2.41407537153779,3.03541870229825,0.171886041004633,0.83640481756562,1.66763996112937,-0.544162824490226,1.7473849753752,0.106143774816411,2.28797933634743,1.6392003225508,-0.771262410939465,0.821817643219887,-2.30247040427099,0.894237030141935,0.0534637395803698,-0.138307520936357,-0.713302261868589,-1.51903937916666,-0.54226575516587,-1.16123888955682,-0.580966377289314,0.716584192445695,0.20680688255258
"175",-0.546853244055344,-1.23374317806767,-0.840781749604652,1.12571524466068,-1.55130198384927,-1.99734228216811,0.191965880964658,-0.735815743330279,0.572314336205404,0.54342758375457,-3.24616117072579,-1.61986313406595,-0.922613070633655,0.0425208849594851,0.817502351181783,0.233658942877092,-0.0686915538391223,0.35647706314691,-1.16350720579547,-0.847627967795681,-0.73073823759395,-0.560332838699794,0.568999579251213
"176",1.48075429477383,0.898585041933524,-0.973584806282168,-1.16203036396661,-2.53570562314638,0.767237318102754,0.8820200071821,0.743030982474347,0.651489503898217,2.14896213489639,0.209920610847499,0.775201718259329,1.81604090399196,1.19651205783172,-0.188731603545433,0.27473087369732,1.15400220643695,0.042906056020257,-0.624182642140273,-1.77389171189912,0.273308773184485,0.362640365703004,-0.905326836282476
"177",0.560759683597699,0.882951322294841,0.310782163843246,-1.46598468730441,2.21025821872551,-0.107036430763631,-0.331849968270968,-0.196224414887653,1.08959152034083,0.0174152841561073,1.05592171805681,-0.288564963483061,0.511991884297529,0.843503740184395,-1.55426429658144,0.669291076262627,0.251694921748118,-0.240659116667936,-1.45842971302795,0.0166278775445045,0.617400118979641,-0.741926336977831,-0.761834191417717
"178",2.17827519524303,0.284338917525562,-0.289254328216002,2.15574448943381,-1.47068567821485,-0.852428961120631,-1.33179301537772,-0.0602569385295754,0.328353420953372,1.09595091122419,0.603780814884063,0.480083007124228,-0.881895416398922,0.00680114129798618,1.79105465520074,-0.589287453912583,-0.598213972147133,1.32372288236337,-0.4845243580303,-1.637942515614,0.450821282545913,1.09661098587786,-0.593791805370077
"179",-0.287043128129051,2.63000742859707,-0.809780128236642,0.606631391060064,0.570974471340603,-0.167369170281601,0.828383438192777,-0.469274057877577,-0.305654482000282,-1.20894209616477,-0.981992878911819,0.444405184669625,-2.67004130656093,-0.346800891628981,1.46763434775255,0.457049247084887,0.920240648363786,-1.42213706305872,1.25520373038503,-0.031772035380972,0.606280943972396,-0.582770780304804,0.269018331248307
"180",2.29174264228039,-0.988670518995584,-1.41208409708673,-0.731005900126638,0.65030585937905,-0.195137859114061,1.94293264404879,-0.41848477118473,-0.196888038106048,1.15132004672313,-0.0188267815923804,0.347772557346617,0.356249602483191,-2.29751992817888,0.30973073821182,-1.08133353599951,-1.22307982239171,0.711484309285389,1.85162563077595,0.0889968257545379,0.350027253373765,-0.16367727049962,-0.0250735633766465
"181",-2.81926642922692,-1.86209345518368,-1.02898395062251,0.810637596884501,1.60006216324975,0.417732992368908,-1.54219373733593,-0.721488680205334,1.39464547899163,-0.729020399532373,-1.41053692140532,1.00356940747664,-0.484879846725725,-1.59782686309978,-0.479553633656373,-0.738938333550881,-0.702357977472684,-2.09048933891626,-0.497236223754916,-0.455797892262768,-0.924957242482865,-1.1930955838883,-0.0886915853018399
"182",2.83117175078827,1.75176664890653,1.36619130096935,0.598505686141252,0.756878512098238,0.535399596107092,-1.07983783693915,-0.583265565648729,-1.47150236533393,-0.637250155602647,-0.717159977544525,-1.09163070184215,0.096988743975885,1.16426259813946,0.886570153754395,0.420659231502647,-0.771534790558916,0.977963865886744,-0.867967721421205,2.18396608254182,0.59150855477955,0.609582538969019,-2.2377627134887
"183",2.24952029602086,2.62950873521346,1.21929730639142,0.490426099148704,-0.411576991444524,-0.385399315634495,0.554512994587583,-0.476293865004656,1.33427754993206,0.0567502827244105,1.28427938219915,0.172264702889645,-0.74575286149909,0.634805672742651,0.9790990116183,0.822280066652183,-0.652464466646327,-0.463989313406375,-0.809129016376365,0.321979219671677,-0.307907952962034,1.30849900836485,0.66124675218528
"184",0.532821832670986,1.34583872841883,-0.576664581257134,1.85898080193261,1.28651697933638,-2.02965411560397,0.625929960138406,1.63450136412432,0.341796502300829,-0.479561016399203,-1.76372579436514,-2.54000644908521,0.837383423278573,0.395064048233776,-0.972900661916644,2.15286037893122,-0.895069102602398,0.806237468033006,-0.0146425435785592,0.751926119858095,-0.275937701073465,-0.402357043931258,0.0278218791163966
"185",2.42767968928121,2.15312048452034,0.367919049113138,0.506959472323546,0.5948435958171,-1.85987952506232,0.221685741747853,-0.516805232865268,1.37954601976991,1.33712367251191,-1.12580988000345,-0.856187283479705,1.47767166962975,0.500162784595089,1.17660622338956,0.674461626072491,-0.111277519915229,-0.663139282627969,1.46439078519821,-0.217257917192061,0.460329793511048,-1.65782542908059,0.131534977710328
"186",0.362204934775857,0.960858107196078,-1.38715932361396,-0.895308913786861,-0.895988844930813,-0.177374295977264,-0.62993806914467,-1.45338524344352,0.41520969180547,0.0109385737286735,-0.626442371039235,0.847109008805176,0.490165907784364,-0.543011799737156,0.252826515775712,-0.00782976577477732,0.50087338047799,-1.53973466224339,1.01464997172368,-0.286445649728243,1.3305252312152,0.205186689201962,0.717379071394749
"187",3.3681000232545,4.16123522496308,1.46449640406275,1.4640928854706,-0.762896275753561,-0.957285622806141,-0.596860313586035,0.715665976784844,1.04677217909631,-0.125665836035833,1.13415065510485,-0.000202896011197862,2.04238038360224,0.439917034362493,0.508091340661628,0.536396447099825,0.430327730797342,0.321342922550501,1.15091736761163,2.11002361959791,0.274282913403405,-0.534942020081199,0.455783701546513
"188",1.92696970329573,1.69349133989185,0.245211439810621,0.545028917393435,-2.03372708372083,-0.0564469512498488,1.10897888166262,-2.13346727835612,0.94039393795118,2.24582876049274,-0.768650290151124,-0.0775470763262796,-0.987802159491395,1.15432346519293,0.726273662229188,1.61326613830132,-0.586147707563645,-0.701265321134459,-0.457035278529546,1.04919870496523,0.818233001569071,-0.189424294301617,0.734307589144973
"189",-1.15662001828222,-1.30681092691898,-1.48363184586423,0.17641533648531,-1.02219222392341,1.65074699279957,0.801864167632425,0.1261339679466,-1.02440947193975,0.402030185912275,-0.948649721111128,1.04869343097791,-0.00315843778741065,-0.960860056088345,-2.28007574538661,-1.42057156985449,0.518470482372263,1.14762879372318,0.25907322712805,-0.520691093209824,-1.30590622416219,0.0744372480301292,-0.0602698318962878
"190",3.47912198214744,3.14339465536955,0.967741321160765,1.00067510316772,-0.0432707076289353,0.785122581074834,1.81885269239604,0.174648743730039,0.110305459987281,-0.351202969062316,1.65388142628246,0.506950850995934,0.0818920912580654,0.472673313274851,-0.765630058064982,1.24618055391703,-0.361642236814059,-0.634474642405466,-0.0802348117162978,-0.681075707552198,-0.637886556910119,-0.979020916523222,-0.0860070139325532
"191",0.367303806188544,-0.0565313461902828,0.545365363755103,-0.972623021446559,1.51367118595125,-0.787341943143121,-0.272450942179404,0.0206365863717075,-0.882578112607541,0.686644168296924,-0.00401342545961072,0.14597532648458,0.16068964889784,0.606483351162144,-0.824477609160741,0.649414275654955,-1.68044223742101,-3.71046718345756,0.0101181194897773,-0.212178693306421,0.292499885215325,0.0295143637861549,-0.863206995843631
"192",1.55582129159146,3.53598677786484,-0.642466543574536,0.752145573218288,0.703822286870186,2.09958551657823,-0.400170318945138,-0.0352750260338677,0.736846292701116,-0.790071801337566,-0.242845554350034,-1.06012885796627,2.09443400551333,0.199394005514535,-2.13014591802564,0.368449406817895,-0.332001591559241,1.06738196121234,-0.458207726502991,-0.537902082673678,-0.0846482547663806,-1.12268082277258,-1.98914128042157
"193",2.12582561572259,1.22603198770424,0.334468483920805,-0.185947069214825,-0.0525175322387585,0.48102222188094,-0.283529944463137,0.0604982565080296,-0.77030199633515,-0.955928997747589,-0.567479267927091,1.44043896424831,0.935129507969329,-0.897304511958407,-0.728422237115348,-0.918057052807256,-0.953309100590301,0.656579795424139,-0.621534404088185,0.533244954386612,0.16865746252391,0.973985189423952,0.885355609823818
"194",1.24381509265501,1.0515332343045,-1.89462510418345,-0.779570206915814,0.92937247994694,0.208318830692793,-0.266728057892139,-0.0695980195836516,-0.518354010976707,-0.434860050489429,-0.290989521785556,-0.386088208423921,-0.728702836262419,1.09507422251942,0.425820421182104,-0.345743464078869,-0.346460018795315,1.2991015236994,-1.78142919890516,1.02182257738996,1.1953662821456,0.57299488505525,-1.00766585648454
"195",3.65171261414658,2.55488224921416,1.45886138587349,-0.73187627883181,0.963983219172488,1.1354940916495,-0.985142965570649,-0.910851413948448,0.624031680646703,2.01306264746049,-1.11026574224888,0.79465981689576,-0.552099736115646,0.521747587777803,-0.202289421209005,0.23181548578078,-0.67736555464083,1.0778396824163,-2.0762200862208,1.6692619111668,0.281229003566688,0.373566693403462,-0.087452371990186
"196",2.5175278286186,3.5372782668501,1.04532738622861,1.41854795219489,-0.570903441925914,0.431775818045418,-0.0825814481605952,-0.160293294588696,0.465804880107971,0.204590912041474,1.16951036657007,-0.0482633947154031,1.67540326114404,0.0974748139309266,0.447900404479505,0.185473640974468,0.737926944112625,0.633956637411051,-0.191948686427773,0.621184827218858,0.791596430906332,-0.0869091514513256,-1.80505052550669
"197",1.63747685131352,0.573219820978577,-0.35904509831328,-0.282325917253791,0.598972884476728,-0.575493465397704,-0.737495877699585,0.645484938501145,0.891691094975242,1.63451929683113,0.59870080586045,1.03083557417746,1.33549913373197,-0.954352379189457,-1.52512463791701,1.11741128912172,-1.44272424278837,-0.323298504773343,0.258709640167004,-0.449791576386944,-1.67494143865,-0.312070152539934,0.00328743306147391
"198",0.554659803391439,-0.188423403417506,-0.303536471219557,-2.15339466236116,0.769604644000851,-0.0811658037862387,-0.449717896490054,1.72336647079214,-0.136590623585889,0.341197586354076,-0.252464982031273,0.316397202387944,-0.66092735737286,-1.05321362904122,0.506941304138523,-0.534900429935315,-2.04600294262382,0.233750452551632,-0.794254652238784,-1.21947982717828,-1.12390993798567,-0.00549076964509583,-1.04309432688633
"199",-0.437915106472784,-0.0711739869233772,0.00853333796980178,0.486134220674079,0.481631656538685,-0.755942046274014,-1.81858660264215,1.51780365444481,-0.104433729742525,-1.01693070119923,0.479801519016519,0.406646459495936,-0.486196786825538,0.438385032928067,-0.528148309242115,-0.734141900541024,0.32842847719066,0.33971147332963,-0.479223760132161,1.02664469274466,-0.462132584527779,0.237978250797398,0.00973439909245509
"200",4.74219725530643,3.61055368279496,0.378429230257765,1.1106646626618,1.18252954151165,1.05068924425421,1.49624151203324,1.80245902855794,-1.90203157330354,-0.154240377357973,2.07589511251971,-0.00694087178989632,2.57612426610235,0.342404768557762,0.431891750699004,0.370360182735168,0.718037421435395,-0.774200096192917,-0.038969577938407,0.0127419162228907,-0.0312351911439292,2.31089467650403,-2.06172989408446
