"","y","X","Z1","Z2","Z3","Z5"
"1",2.61546097037268,1,0.363080061552092,0.963985916201983,-2.03536885115498,1.58497878308893
"2",1.16200697938384,1,0.812406432660611,0.221386610650898,-0.721945787742764,0.147381535297302
"3",1.15478685431636,0,-0.572535550892846,-2.15122867251191,0.184147485942756,1.08267965169044
"4",-0.196098224577632,1,-0.27855227354912,-0.212117149061413,1.13773233348088,0.857675623454664
"5",-1.90093118524042,0,-0.598979052798541,-1.84804201101995,-0.755659200266476,0.862028353274008
"6",4.37133805402605,1,1.43786702116013,0.455293926076303,0.833458318390133,-0.822345732194223
"7",2.68768674753406,1,0.102649618743044,-0.448436927096643,1.94356721075599,0.417943267152361
"8",1.2145506759108,1,-1.9432206658163,0.570603986176364,-0.0928683519245178,0.0994023563969043
"9",2.25789877178002,1,1.50961471990625,-0.948885159708641,-0.199756898355028,1.58403212190641
"10",1.88816153201723,0,0.0838186740681958,0.903398824373981,-2.25943934602042,1.70066085355085
"11",1.88136689504208,1,-0.0431411127888586,0.795060830116679,0.312407915503657,1.47843839966747
"12",4.18748767554862,1,-1.18072651562667,2.15235447466171,1.56750007556184,0.372672879520737
"13",1.24485711924996,1,-0.017436585217121,1.87772879981268,0.32849461705342,-0.194705657129483
"14",-1.0401320094637,0,-1.10177233218968,0.805321957384662,-1.5828784332342,0.981937262489869
"15",0.121627464226819,0,1.87061534704897,0.196629824471005,-1.67288965818419,0.840484237653326
"16",1.5691014450963,1,1.48292616093438,0.21483535013258,0.899204511164519,1.54454406908685
"17",-0.674353447290585,0,1.03555642814631,-1.35540157486834,0.464043014316162,-0.340526614090286
"18",1.1113889835053,1,1.21705480306358,-0.0518862169118147,-0.0637906753991713,-0.0962109966518512
"19",1.19222681405091,0,-1.32075011095917,-0.31036349765546,1.53407111763629,-0.189176011629475
"20",2.74347515689956,1,-0.256554364679603,-0.548838585831838,1.35964370582412,0.770742817916713
"21",4.39423175538813,1,-0.51230190124162,2.34662589140251,0.785147900630115,0.114709831705834
"22",-1.15509678315629,0,0.631838913773812,-0.408429437117512,0.574719844292715,-1.28346544094758
"23",0.486353196498765,0,0.700541410299565,-0.254698523491484,-1.27250686245771,-0.509422390187986
"24",2.48239928888723,1,0.538189192789255,0.550658172062776,0.908792258557245,-0.277681442641921
"25",1.05551412365185,1,-1.92911849826068,0.345301641688502,-0.831932941435453,-0.616302362245042
"26",1.16056025537283,0,-0.418377755510325,-0.541101646158721,0.780056396478021,-0.320054885894727
"27",4.40596699874274,1,0.820579960424572,1.68163030592714,-0.0831640707784898,-0.865933951107092
"28",0.841019997742916,0,1.18824489346264,0.184002598225969,-1.10072833380476,-0.450749338939008
"29",1.51432869099771,0,0.683276353710007,-0.0171794557574465,-0.496940360070731,1.00747973105946
"30",0.263189290125294,0,0.954077514910468,-0.476017775106714,-1.29392988905742,-0.338942224976332
"31",2.98677782927833,0,-0.864144305949407,1.77267939411856,1.41669637405885,-0.281892070478406
"32",1.27075203578936,1,-0.668711720426,0.0362259621104433,0.284401885521978,0.625221306539115
"33",0.923356058139037,1,-1.43212409107889,-0.292032574451703,0.257121213124532,1.43957516952871
"34",2.05741627969838,1,-0.262679742550588,0.800858684465134,-0.300171065976774,1.1700358127474
"35",-0.309049709820631,1,0.258024410873146,-0.427000953153139,-0.373718336220397,-0.721523154919522
"36",2.12791487990958,1,-0.478188058419313,0.0830356453816857,-0.797953742775324,0.860419317448672
"37",2.03492340045389,1,-0.951801186218487,-0.105022179268776,0.35577853739625,-0.0550336243152647
"38",-1.04311769890718,0,-0.353476547125245,-0.329935863872058,-1.59689631093097,1.00290782028582
"39",2.83613269801667,1,0.781789564893053,0.223667945979774,0.723960806230923,0.807425764219385
"40",1.3972138665736,1,1.28261011104699,-0.696794442418735,0.371212743265645,-0.133709660168478
"41",1.68083958030666,0,0.584462597969713,-0.79476116189712,0.330183451148422,1.04703584971762
"42",-1.29768929084532,0,-1.55927417800183,-0.835655355357324,-1.20602840500706,0.359834402371704
"43",2.29431214738636,1,1.99817403414491,0.770473362755317,-1.74729373597879,0.213029905263293
"44",1.6236425256297,0,0.0122240852604924,0.66103779023205,-0.145179854919985,0.99039941057561
"45",2.45413861710385,1,0.0497290403612979,1.40744344199677,0.487570882035047,0.522679044647899
"46",3.44779826057348,1,0.538265145346382,0.18217636212575,2.74320602426861,0.646831358460419
"47",2.5914238560729,0,-0.0951820546252105,-0.853489672240128,-1.25515759136791,-2.98828539646127
"48",0.827622202402847,1,0.952757430931771,0.101013684101343,-1.35182690963262,1.69352767037754
"49",-0.760932150165202,0,-1.60038630928902,-1.13446891415915,-1.8776420084298,-1.11566726505431
"50",0.588935174686959,0,-0.0871293306071109,0.293570526435422,-0.0319693418156824,0.031962286988157
"51",1.75499843340792,0,0.793696382072664,1.54999577597695,-0.654901881918668,-0.581663907767049
"52",4.7487036057955,1,0.268270920136383,2.09847850997115,0.489203302003183,0.433081168245116
"53",2.24231396094827,1,-1.45050328075156,-0.416113150046217,2.07918159627935,2.62908135322906
"54",5.1340984530255,1,1.71866108335873,0.320656589263632,1.18294772330003,0.478025708547438
"55",1.13501208634309,0,-0.994841593885706,-1.18545511621079,0.594017499984994,-1.27754215397084
"56",1.69533742243476,0,0.398145075422009,-0.560158889218848,0.478717258620142,-1.10723432823965
"57",-0.28867770484835,1,0.913263358629039,-0.00125245376038897,-1.88793719883188,-0.71673653156563
"58",1.23504495005844,0,1.4588030360611,-1.42676911329445,-0.0357362333248041,-0.0849695651622193
"59",3.67013549462293,1,0.0977807633606357,0.208804833724068,-0.561272650481603,0.339248569634976
"60",1.31284059726679,0,0.638557893504678,-0.789561027640159,-1.90004300620534,-0.412896073684733
"61",1.33202913011867,1,0.509808179493485,-0.751711278395993,-0.120065253961494,-0.141224621752219
"62",-0.710286440469402,1,0.142236633262188,-1.49725647574958,0.589297943168839,0.685626302929023
"63",1.92672016356675,0,0.537730956593422,-1.47489530177461,1.65288415653216,0.275561634547769
"64",1.612961194554,1,-1.36782106900933,-0.823401792254827,0.884407827404473,1.17679615234937
"65",-3.29556282959607,0,-0.318189830451342,-1.55586770815204,-1.51682480650678,0.197176245350391
"66",-0.0486155875632517,1,-0.0367214697001886,1.0882681278996,-0.00309593101814905,1.15499172244698
"67",0.310872486660013,1,-1.23468351745106,-1.15745655908792,-0.778030440747158,0.0599025557454904
"68",1.57824543854681,1,0.535988156595779,1.11091365541023,0.559207712904113,1.49320863542701
"69",2.80522512610728,1,0.561570418404608,0.781841650875361,0.21488074410838,-0.867470430685505
"70",2.99624998173819,1,0.0160214576480232,2.24453549496097,0.677799984629846,0.360152726892722
"71",1.34017258103532,1,0.300452399418144,2.64044573046013,-1.17062166223549,-1.58285356611165
"72",0.746533051489308,0,-1.32726176328667,0.746016782085329,-0.920411688160918,2.64858399731417
"73",-0.807102670540359,1,-0.780324516915435,0.336307597198563,-1.18018982468708,-0.287095200005557
"74",-0.65466943527846,1,0.375279591349513,-1.80522250988833,-0.814571934278147,0.0895388438765418
"75",2.21223341358324,1,0.599014751702375,0.688165419762714,1.46767985222795,-0.201498143226332
"76",2.63945558598848,1,-0.475334379820176,-0.956400794794372,-0.068647498814664,-0.482007804822861
"77",2.76873988348558,1,0.251840972761981,1.46473606671877,-0.211328836441368,0.683815528055087
"78",-0.177291686365614,0,0.467871365822295,-1.67097729676922,-1.1622191892559,0.288867992151341
"79",1.05497350272985,0,0.202392610748976,-0.00245732494095259,-0.974513847936025,0.0328590765435736
"80",0.0288462166003063,1,0.239201034439448,0.761661657742127,-0.0968914523266288,-0.570238992587162
"81",3.1373190283259,1,0.467131470389719,-0.278854015387693,-0.244706081145426,-2.25186290003734
"82",2.53159307210598,1,-0.550574834330592,-1.45227849529585,0.243693623290873,0.620056480693432
"83",2.09874874456548,1,1.10799236746193,0.621529132765787,-0.0167470097606708,-0.301076044341112
"84",-0.636340149780409,0,0.681054854350327,0.596483050162806,-1.82796170892017,-0.0231174939012398
"85",-0.63955919070321,1,-2.40004337155579,-0.505550163080301,-0.518130963500771,0.581394509781977
"86",2.93264355873174,1,-0.226111490120707,-0.556305750258932,1.82888954864365,0.378438307771964
"87",-2.02032690825318,0,0.362083559718622,-0.440131908800849,0.0752753058881899,-0.888883490401102
"88",-0.298391299000454,1,0.138183992596366,0.636554805557578,-0.880870028522203,-0.113611510753045
"89",2.04530568120417,1,1.23688761023505,-0.12950908394675,-0.460870542638971,-0.297226498804833
"90",1.97353820460095,1,-0.0637156896344371,0.249275308144191,-0.476557415903837,-0.198240937958398
"91",1.29486062243603,1,-0.729119708104231,-1.01135639343625,0.511750681973617,0.307467652795488
"92",0.33569887639468,0,0.251330822194318,-1.17771799444514,0.516229670992335,-1.39184300649314
"93",1.2004853905607,1,1.1433102020241,1.12055575605941,-0.0649591772755291,-0.0389993850119961
"94",1.16026485272445,1,0.177870919622321,0.641845853352557,-1.51508532560525,-0.518209671147584
"95",1.40635026035591,0,-0.441618598921158,1.41275438638834,-0.696275807280111,-1.2679736906001
"96",-0.531410524782171,1,1.47064790282207,-2.16734260090858,0.0295429227933245,0.922000482778999
"97",-1.23630889133859,1,0.100717798564806,-0.963635635012088,-1.11606813083026,-0.705358464882556
"98",1.48239403357093,1,0.549256493240874,-0.973598713331816,1.29722405041527,0.419837079781978
"99",2.98563113396627,1,-0.318614365731347,-1.06994530062097,0.740041829334289,0.484677759215374
"100",3.29791266749409,1,-0.0378899442733096,1.53191691013084,0.078877505994914,0.362869326620014
"101",2.02107785391305,0,-0.0178367826580055,-0.165564274219515,1.75607909853747,-1.23140825734026
"102",-0.405397805407952,1,0.405696325596692,1.2692858954923,-1.34845652433683,0.525730109866514
"103",1.53252665855058,1,-0.48011734327394,0.410972812715455,-0.20208519307689,0.669237237962887
"104",1.20588221343709,0,-0.0756643944139543,1.47869491051714,-2.42252402733088,-1.36253562102991
"105",1.73703305152792,1,-1.2245692523292,0.0761841706518562,-0.179056433531687,0.00717560847188003
"106",0.596817794426183,1,-1.44493077437053,0.512225245981552,1.00926338713097,0.168857361215883
"107",-0.358168327072102,1,-2.37673611435324,-0.362313551274073,-0.525896984166496,-0.512907036473262
"108",0.293614017499708,1,0.37889165369571,0.670396309898984,-0.232339401915052,-1.43618599516723
"109",1.58866333503318,1,-1.0755814734869,1.06803279880209,-1.11306416023473,-1.15193641516445
"110",1.10042416556184,0,-1.13146219817159,-0.256332273372401,0.140226606999794,0.135198015913838
"111",1.33778845099661,0,0.242485268557146,-2.10734041046892,0.151057249491044,-0.267215648527691
"112",2.22768649553864,1,-0.744591227360814,0.252209054532778,0.14967496122495,0.677260658689928
"113",2.39789835490819,0,1.32650137750166,1.50988318178598,0.634739754664466,2.18996469225522
"114",1.9424142308573,1,1.25297071601171,0.0463335681522986,0.124845668709628,0.23553426242185
"115",1.06084205756314,1,1.20892930579224,-0.668189530857919,-2.83582213455651,-0.677068051157602
"116",-0.984568675523202,1,2.29486538113587,-1.48037232375042,-0.729563799139254,1.57180554772631
"117",0.509863145040002,0,0.398283903885182,0.268029258113744,-0.729300447998935,-0.353990490657623
"118",3.47421678614014,1,0.607901624090514,1.89622057218744,-0.40874581362389,-0.503962336907446
"119",1.36381653064588,1,-2.0110395081502,0.432626478390409,-0.658726279097732,-0.172423432701623
"120",0.102018142318864,0,-1.06045222360398,-0.723711026998442,0.273279610170052,1.13491268190021
"121",1.31295022909673,0,0.249535609073125,-0.392685575746343,1.76452232450101,1.10857320327477
"122",0.558686791302025,0,-1.11876154924635,0.138878204936792,0.317592523977539,0.681445132812022
"123",0.0265027713608907,1,0.495122795908509,0.122224890183781,-3.17416155228817,-0.228955043273941
"124",-0.0218951354868551,1,-0.65185227810609,1.38360185209123,-0.447400244719802,-0.186717349494295
"125",-1.92766538582009,1,1.58305063386457,-0.165422048963277,-1.02149395375016,1.81094181430422
"126",1.63887280450262,1,-0.741090861590805,1.62343242368902,0.400673907471635,-0.571917568813314
"127",-0.260028251238567,1,1.3472088772261,-1.29804920645995,-0.782335051139557,0.561366319712501
"128",2.2139916358741,1,-0.660764520338833,-0.257733685486985,0.430892509440104,-0.686364821585849
"129",-0.466400318579282,1,-0.0331183258036211,-2.16969389712836,-0.435627555282804,-2.26892816854993
"130",1.35756399074525,0,-0.759883202666421,-1.66141524863258,-1.28348485182931,0.193746213776789
"131",0.952294474297985,1,0.032003359112512,-0.423699862293048,0.39178824250383,-0.748524309146143
"132",0.987435920879267,1,1.50906178574551,-0.42473992181283,-0.551574899232143,1.79912628878715
"133",-1.27296649878119,0,0.297863904865867,-1.96641453927703,-0.417989625678002,-1.1045581278569
"134",-0.00574046867467848,0,-1.63637731739692,-0.248171228686743,-0.649369121009746,-0.879825358518032
"135",2.123658831522,1,1.27775551389033,-0.0192621135978902,-0.225070618515327,-1.32060548527836
"136",0.380020356112827,1,1.15440331660941,-0.598157023606571,-1.38273508464969,-0.685016086304586
"137",0.732502407968942,1,0.381938511379182,-1.0810609126863,1.21601361736369,0.970420561659571
"138",1.90065270592863,1,0.326822239695889,-0.213238853764468,0.0203075670241368,0.292309344860044
"139",0.239286782904068,0,-1.32601365626188,-0.00483192021628618,-0.42346716864666,-0.249917877613768
"140",2.99142183077278,1,0.207180812954952,-0.984784928318949,-0.123293895189563,-0.805308344501929
"141",3.21283930562746,1,-1.54308654673761,-0.12918001849621,0.221138231263067,-0.921758967910044
"142",0.733974738530571,1,-2.33939761741766,0.369405830093138,-0.846617655940682,1.2532586819592
"143",0.564785815777298,1,1.28961926709866,0.911075484381883,-0.496930188285051,-2.16948965422856
"144",4.34363290489999,1,0.711941531316192,1.04150297601821,1.95541313852351,-0.4575356434044
"145",2.49924689396898,1,1.04987747807738,-2.89338444201822,1.59172115996614,0.710553412502346
"146",-0.882057713230272,0,-0.616896589703549,-0.68870486511806,1.18503893082416,1.13137525810133
"147",1.8591070606923,0,0.494188310511509,-0.52208825509717,-0.385836723825302,0.0941169044542044
"148",1.76659309128602,0,-0.761650498112411,-1.68852289567614,1.05787012988275,-1.57595014933583
"149",1.51147464617758,1,1.24799779548661,0.979994467607448,-0.716930270277786,-1.12129469714386
"150",-1.72914675632733,0,-1.25423982446929,-1.66932625670703,-1.14965901553937,1.90376768433739
"151",0.812015241575367,1,-0.682746017383073,0.251322106225074,0.887075605533415,-1.9017480918205
"152",-0.439594214985638,1,-0.857990569657896,0.710773059759347,-0.763657926964117,-2.29722729459863
"153",2.19779197689329,1,0.548509910772104,0.367162893006643,-1.62836695411244,0.89063087215389
"154",3.95106616149442,1,1.37872259381965,0.801270144308872,1.40457674772352,-0.842582488577175
"155",2.49965260270172,1,-0.140995177476284,1.91405976121872,-0.918625101563284,-0.97943949823039
"156",2.42254060736467,1,0.925889812034985,-0.529854053456445,1.39193390927283,0.145172817479546
"157",0.688393442511593,1,0.824199706261507,1.11616008967052,-0.311686383477069,0.683810824871271
"158",-2.10566371265227,0,-1.44920077601354,-1.92140703690171,0.0288742154921022,-0.655437571134773
"159",0.085967532231177,1,0.786386033429993,-2.28982674332905,-0.53206995473767,-0.975209802789936
"160",2.35811134887025,1,0.983750098231066,0.270565452248074,-0.0332105163598056,0.698122375018893
"161",0.367675893123804,1,1.43222306763279,0.996061798757247,-0.689132931362681,-1.08810801326629
"162",-0.37161623385598,1,0.526371116769338,-0.567089809633363,-0.923163745762962,1.66482026959233
"163",5.49436136485239,1,0.117354129340539,1.5422191134029,0.946322882326109,0.380384930369011
"164",0.470642443348597,0,1.00430311648987,0.146496072499324,-1.2572967187637,-0.676805712003309
"165",1.65517309547542,0,1.65862762296343,-0.591997419071717,-0.935913027888092,0.528748270573762
"166",2.64296024690379,1,-0.477418279401117,-0.787200146728268,-0.38596473032229,-1.07889610365149
"167",3.0555718601789,1,0.853485855711283,0.507275088691617,0.211886095744684,0.290593118165124
"168",1.33519645662056,1,0.53181155868635,-1.95137945884261,0.0277538872650339,-1.58955097724834
"169",-0.413270128429824,0,-0.760010605636293,0.66810263296201,0.225490877957021,-1.01507739642235
"170",0.354477352859687,0,-0.762736392359369,-0.15211679432007,-0.0555010715962418,-0.439894993102646
"171",2.43415456727255,1,0.496231984934366,0.157658406805458,0.973684918180382,-0.337796126597954
"172",0.331048526607043,1,1.27522525231944,1.26386160869751,-0.476423940903948,-0.139516223375818
"173",-0.0991029786949518,0,0.268183271119467,-1.24869820750786,0.325203211176239,-0.37950269266652
"174",0.363656296854175,1,-1.71347122971487,1.20801093297015,-0.317579356480927,-0.179566708718645
"175",-1.92214087910916,0,-0.0792796360973884,-1.44817056548677,-0.933100003757986,1.16246101927232
"176",1.09595279845552,1,-0.0767188397102465,1.87360318234363,-1.5814165342948,-1.26075777967778
"177",1.05208275232009,1,1.75012402000969,0.363621764249433,0.316423020538934,-0.320795743449063
"178",0.252215896818963,1,-0.50747397205392,-1.35485433191066,-0.192462155152505,1.16577299949697
"179",1.86097031245889,1,-0.0189846474474368,-0.854065556927646,-0.372138385952526,-1.26288178426447
"180",2.07185033646533,0,0.173599361562411,0.289513736593051,-0.474801512691058,-0.78398837569501
"181",2.38368542674611,1,0.144887545647311,-0.294412522836471,1.51296692171101,0.527248084722692
"182",2.1028777315039,1,0.720006809550326,-1.60683685869391,-0.601190032247508,0.688748409439591
"183",0.497143103009942,1,-0.974541372999411,-0.0745413416266061,1.16638203762931,1.11667078337141
"184",-0.693971341844283,0,0.526660156866053,-0.774839154222932,0.11999882543453,2.29198254012945
"185",3.22917648717718,1,1.03874789818287,1.25078117709436,-0.461062949731926,0.27034036861829
"186",-1.11650021992008,0,-1.56354825620964,-0.221953889684616,-0.621565558813338,0.76857609431909
"187",-1.54527031070178,0,-1.38513429352191,0.291224159816829,-0.220785018605708,-1.58131381518491
"188",4.68769688800544,1,-1.01456008679156,-0.704415989530869,1.73030983667129,0.0112285570391475
"189",2.95607276284644,1,0.878672559469649,0.426504230549494,-0.160523005651742,-0.288843467542045
"190",-0.907058836466385,0,-0.269959796005747,-2.05399324176561,-0.175177843426723,0.702261282649484
"191",1.25823595050853,1,0.105837506956982,-0.738841365408795,0.225825753266113,0.56080589930164
"192",0.472666433782081,0,0.298282669503386,-1.55798868419008,-0.142434272208623,0.525541640199676
"193",-0.235967540917367,0,-0.238742941481589,1.28008867607351,-1.26545325207193,2.84195375441668
"194",2.31593788206295,0,-1.12240239898714,-0.478086311674053,1.30056684168595,0.524273757761382
"195",2.32130485640873,1,-0.693023336942152,0.297089639316699,0.124781985699448,-1.42672304655922
"196",-1.04999931005677,0,-0.773509764123608,-0.315314995124278,0.252965068865371,-0.129534285654957
"197",1.01719892135343,1,1.67121450704217,-0.327023316261341,1.47967014377852,-0.889420153293862
"198",1.25342932925178,1,0.696496980338164,0.479377233704242,1.19182884437547,-0.0318146348342529
"199",1.88844911863558,1,0.419609900111,1.08785329522071,-1.0853907115775,-1.25845573437674
"200",0.473247712313755,0,1.86583574850845,-0.902836583323771,-1.47840046511069,-0.175274058547083
"201",-0.105021481344899,0,-2.2400025876845,-0.282084651871403,0.448930195877042,-0.370094874000468
"202",4.50968413807994,1,1.66028592554209,-0.336911637776476,0.526440281302823,-0.153628110357303
"203",1.42480380023863,1,-0.18778455876634,-0.272738321324412,-1.02263653763567,-1.23388532673782
"204",1.27538162336571,1,0.821850460344891,0.0917937868423614,-0.362055598003295,-0.15772323011834
"205",1.80136857752702,0,0.732256875319174,-0.314306886076331,0.215953336084574,-0.227398618084953
"206",1.30242589845967,1,0.434930329634268,-0.0514798922525811,-0.538385230007792,0.933104357594088
"207",0.904677459905512,1,-1.74356611990118,0.593578564490071,0.193277188797176,-1.41758223246328
"208",2.98444988573761,1,0.860134018565137,0.214177189432955,1.12326377056689,-0.285267739229006
"209",0.326677211690985,1,-0.874056015543388,-0.286465444482676,-0.283918356434866,0.849515843332116
"210",0.58569907866969,1,-0.721295959280897,1.03347774429466,-0.459579090286813,1.04037091949086
"211",1.53963078637954,0,-2.27210025171871,2.07984068321781,-0.15159636271337,-1.8149049745953
"212",0.596046128571121,0,-0.088175263369397,1.35254363277457,-1.26403484339948,2.94705755385128
"213",2.43641959328649,1,0.0832722975508585,0.445787966967331,1.52256119621076,-0.504422755180512
"214",0.776559720985357,1,-0.285033361590077,-0.56998046379915,0.656673312909852,-1.67558158884275
"215",1.57366986396789,1,2.14955854426328,0.311458280216292,-0.480430628276861,-2.10575067997025
"216",1.13717660730152,1,0.915259252417373,-0.951369310437495,0.979292426391735,0.893108914455918
"217",-1.61275468030397,1,-0.89583195845056,-0.687297683181682,-0.552649411602069,0.55690478937087
"218",2.71657355598891,1,-0.0565673312764136,0.695593500242685,0.325270482033394,2.44529909324905
"219",1.29077453407934,1,2.7931241082033,0.590251174192821,0.098092788346037,-1.07299716834129
"220",1.17085920063945,0,-1.01566968220807,-0.0679671989982024,-0.118061426223301,-0.988101394844508
"221",-1.27094657065776,0,-0.732016674316486,-0.290937006964205,-0.234782247404463,3.12655619816582
"222",3.30298085552263,1,-0.472012892417282,3.32309289519918,1.55090256492097,-0.0107354746353386
"223",1.87011069835807,0,-1.03181455122935,-0.670461926816243,0.11077138975423,-0.178276678357931
"224",0.898730231247003,0,0.687813272150151,0.442708691613777,-0.141289583079826,-1.08603015166689
"225",2.13767985019505,1,-0.597451196230715,1.53908500913474,-0.989904078926208,-0.844853199568142
"226",1.44237867895489,1,-0.398116905173008,0.667646285305527,0.578028030548398,-0.832454900059773
"227",2.43901536984404,0,-0.161913573838817,-0.916837535831072,-0.0750007843201695,0.528690217048488
"228",1.37895852472085,1,0.212641496372821,-0.123321889846479,-0.160658758960191,1.41146710634335
"229",1.42395907886415,1,1.00454905284794,-1.20670324861329,0.542500551622798,0.760586593617837
"230",-0.640322088697617,1,0.457516087265662,-0.713548086020451,-0.234952588942403,0.489938485436177
"231",1.38439086327874,1,-2.23693005620462,-0.0382426419428798,0.22789966582509,0.295032306039925
"232",0.886063747263611,0,1.24339362320757,-0.847611910342242,-1.16467126380071,-3.01088576498485
"233",1.63205368317015,1,0.0532211599653023,0.838588389406135,-0.154592998672521,0.831663135906873
"234",1.12124284872367,1,0.298013548547255,0.338887681826709,-1.70397218105074,-0.631368956306987
"235",-0.52366468618461,0,0.0400461442759519,-0.923132221916453,-1.89244550257144,-0.963351831300892
"236",1.93962805195061,1,0.257956860153287,0.454178683676979,-0.379468324258478,-0.226194716110942
"237",-0.420053428990691,1,0.768204346853218,-0.329235413609742,0.963859106685008,0.482659712528835
"238",0.0203564446104567,0,-0.994086961451303,0.770899739321046,-1.88149049662404,-0.944437488579058
"239",-0.220419139158231,0,-0.637851972401777,-0.155627470101989,-0.779128136502016,0.358270353712327
"240",1.07254282239019,1,-1.35276148483795,0.0281409372580784,-0.112608281273764,-0.445803589186065
"241",1.73080704753033,1,-1.19036616955921,0.423724947550989,-0.217529219912477,-0.558394110521401
"242",2.1975560192822,1,0.75936070822034,-0.94682211181572,1.22645780678181,0.577682495593683
"243",1.63992177843009,1,0.984910796854103,1.36101317330154,0.733025718713547,1.25763506483157
"244",0.191087619955161,0,-0.659363551762434,-1.60204382544452,0.219827056605177,1.43151713908533
"245",2.29301632080171,1,0.633192185049768,1.13022388400177,-0.631011817178669,0.212581326698897
"246",1.74894668959623,1,-0.261470764124997,0.247053694215653,-1.6812756559417,-0.902893350601468
"247",1.28052627858491,1,-0.798170939393653,0.0368902060162053,0.340069680038163,-1.20072543120036
"248",-1.36737640554683,0,0.0784007986988478,-0.677074392758774,-0.789157380073657,-0.305419921546284
"249",1.3392706832038,1,-0.662298556335445,0.778501224993316,0.519460515505208,1.25241511126955
"250",-0.651343698835693,0,-1.8744346916126,1.26175105536941,-1.08651334431967,-1.18746321836366
"251",-0.823545989163913,0,-0.438155763912704,0.127284640635581,0.197427803097925,1.60961831268758
"252",2.04275142830923,1,0.876040915356738,0.182435505199257,-0.291564151842077,1.05228570521078
"253",2.72670171548669,0,1.10159001247987,0.810578872644904,0.325013750797738,-0.207600027084734
"254",3.68983061316703,1,0.162165310845976,1.31656332609137,0.511470491640918,-0.805038967500072
"255",1.84623895311623,0,0.261697670355104,-0.458456359105828,-0.847897609083608,0.16706713388609
"256",-0.31783638037353,0,0.95837412431878,-0.160617713996829,-1.09414607631563,-0.28025877590523
"257",-0.057078586188936,1,0.93655164095473,-0.341901409198456,-1.57359971061616,0.929683588287065
"258",1.17338834330792,1,-0.414150678210926,0.279881635497455,0.302269831231819,0.0342327345293087
"259",3.60383440942967,1,1.20134791144098,-0.0144052011875394,-0.140623114275445,1.10250150233661
"260",0.205004024027198,1,-1.41423149486475,-1.16100309015121,-0.467328563551995,2.44476562783982
"261",5.96271385524697,1,0.839293700170999,0.707550188995671,-0.609919134055263,0.811810701066457
"262",2.45786581629614,0,-1.08268502647764,1.66439464897998,-0.580087569542801,0.716340143262141
"263",3.44181986736904,1,1.49677350462027,-1.21005558711194,0.738385632101328,-0.517723699120143
"264",1.35140127281381,0,0.139114404792967,1.07179388494685,0.396722974131862,-0.0259273656082033
"265",3.24587970894799,1,0.97061486617634,1.52322850351309,0.0961577903012688,-0.923590342201133
"266",-2.63816838246254,0,-3.1459359149304,-0.422951793519987,-0.345378433824595,1.00589218119298
"267",3.03822232241877,0,0.183589513740138,1.27189182929883,0.572203897017583,0.53067157606408
"268",0.774319953673153,1,0.477208903481657,0.695402262019898,-0.181901162512889,1.23364604182552
"269",3.88389223776638,1,1.27761951357864,0.917588268467362,0.524067542658995,-0.505410093227431
"270",1.44613049883863,1,0.880229591689404,-0.441347871434829,0.352782127808922,1.77694423347137
"271",2.58753719362624,1,0.208309410532271,-1.50302266433952,0.776655988572884,-0.722710278464234
"272",3.37434028696218,1,0.67199447505128,0.930222637966416,-1.57557373866845,0.629002964441293
"273",0.153818911926658,0,-1.24203836159696,-0.471763668788467,0.101361178024685,1.64059863520483
"274",1.24423622538997,0,-0.581714567406825,0.077857101959897,-0.0604064728242504,-0.131173422669486
"275",2.92541193954552,1,-0.803655920668546,-0.188034224291563,0.353884597161215,-0.304838749416206
"276",1.61318503173341,1,2.10898219792003,-0.50743728273448,-1.07140160214274,-0.2391380959512
"277",-0.0815564957967869,0,-0.569260516526496,0.525590041467727,-0.477786740965996,-1.52899141220223
"278",-0.240468561134036,0,-0.497900103927609,-0.0853895726432856,-0.854187739042198,-0.961633383623602
"279",0.293208310091229,0,1.63016958646681,-0.244692692345613,-0.746799425220185,0.666183469819395
"280",2.2175391989286,1,-0.594873758391815,0.61730590942447,0.899699627354432,-0.285070238077541
"281",1.79197941599291,0,0.328836599921594,-0.0550317387759941,0.959397936180435,-0.330997090413725
"282",1.03700031133017,1,-0.700684812367432,0.782012840884075,-0.574698804424086,1.49432332123336
"283",0.854847284640814,1,0.925197237357817,0.829556566680851,-0.620112213151137,-0.00751347848066686
"284",4.22540519360772,1,1.13569327151773,-0.833961811604163,0.137620843612768,-0.31799411345642
"285",0.470162562068385,0,0.266538675902472,-0.48285106770177,-1.62680398816538,0.00919901342520897
"286",3.31054263564149,1,-0.633045123131232,0.431493186038531,1.0917424200368,1.19960118682955
"287",3.42260902566944,1,-0.58589172560171,1.51900646002262,1.05531619294801,1.18998878896355
"288",1.47228815041722,0,-2.57752723275727,-0.657587512017884,0.961716264315608,-0.46243270362185
"289",-0.959387209583772,0,-1.87869164750309,-0.43214423896058,0.595551089486304,-0.487235432790108
"290",2.52212688677672,1,0.646495614186796,1.66012661918864,1.06443608805451,-0.0506566931198865
"291",-1.00359017677869,1,-0.681151569461573,0.743857748388634,0.799804418803056,-1.62608467241726
"292",1.05076745816747,1,-0.754816038225646,0.699441754483783,-0.553409042567061,-1.59211975383417
"293",0.662995802597323,1,-0.808868044943251,-0.275350510436217,0.286286075963838,-0.818640582663724
"294",2.7803487222985,1,1.31086900031438,1.72976721004245,0.839034189965905,0.547132385736301
"295",-1.30039095750333,0,-0.368118668076613,-1.60609781793684,-1.84588000222752,0.870265021589085
"296",0.853090508815824,1,-0.552280700484885,-0.201047679673431,-2.25068959504054,0.612124797256464
"297",1.62793373700858,1,-0.176840346020601,0.964227672041506,0.223854255790473,1.66679197848364
"298",2.23529681963339,1,0.733877680067727,-0.957024296311791,0.408662904441481,1.52577368803001
"299",-2.23187591772898,0,-0.949538404981032,-0.492442053699873,-1.24704865262252,-0.747243196134104
"300",0.512075736438562,1,-0.50081734426202,-0.206448463609334,-0.566119566347131,-0.0679792893980855
"301",0.96541723603041,1,0.527306665962999,-0.855922155597008,0.138720623926009,0.399120526140177
"302",0.0640406591444427,0,0.901726540205363,-0.601071913238968,-0.995841128805278,1.47354020067277
"303",3.36347918825756,1,1.07654856325458,0.918153827932407,-0.632176351918742,-0.439760383388112
"304",2.12513694343247,1,0.979082016416976,0.538410178042046,-1.12080129732459,0.75627856074226
"305",-0.485409588722433,0,0.595787801436847,-0.109730497031681,-0.327612577746043,-1.34330243993189
"306",1.78422754803062,1,0.0572840060078513,-1.19796499375306,1.14451333543415,-0.845127023973288
"307",0.0923099296143434,0,-2.2349862255066,-0.753080381993182,0.229864083840584,-0.0161564037672146
"308",1.88351403783501,1,0.438798278132252,-0.0739306976252594,-1.00470868613223,-0.0581370047487816
"309",1.97860613907405,1,0.474938855558225,0.0295585064669666,0.535367825396051,-1.07797630443932
"310",3.66937591005717,1,0.453668499235949,-0.0628286170042759,-0.504220136116173,0.960495179486826
"311",0.419475314641999,1,-0.265257739578523,-0.140111525015249,0.402966787207477,-1.31991362030926
"312",0.787071984182468,0,0.294058613231365,-0.161925277018759,-1.78803990811492,2.0587174848445
"313",1.14848060489741,1,0.758025645093217,-1.47517432144127,-1.4629865172283,-0.167375918607936
"314",0.997966077944082,0,-0.453637792461741,-1.03220187111846,1.34559216869767,-0.738946070715487
"315",3.42715705081266,1,-0.743335859805304,-0.259356643999603,1.399082829708,0.905071325839616
"316",0.1116072410243,0,-1.26345771606898,-0.919053650797103,-1.73626043724945,0.14879859797439
"317",-0.127018908437635,0,-1.40473517960338,-0.588353504894145,0.146371939917737,-0.190059489652748
"318",2.18781740995149,0,-0.188611937425309,0.25356264202152,0.655410721120511,-0.768559064786871
"319",0.516732482134975,1,-0.32687650919934,0.838326056286793,-0.505930282907668,-0.31955597917889
"320",-0.920790496786205,0,-1.78277741556866,-1.38357591944078,-0.0363374098052325,-0.475639988365173
"321",-0.443084566540372,0,-1.6925712358807,-0.966760590193921,0.58604209204575,2.46218466952117
"322",3.50415677249672,1,0.461183926515398,0.417759061183456,0.50077439440596,-0.455372287972763
"323",-1.97807981704568,0,-0.0989158997253634,-2.23468695154191,-0.663427423440461,0.755417574321564
"324",0.128253975313349,1,-1.04475868683064,0.603454199505956,-0.154373105148777,0.927021239113269
"325",1.1700989623448,1,-0.280673271369498,-0.591841519711066,0.479035472334765,-0.365219941019292
"326",2.47047238231343,1,0.260580768341763,-0.334429564997383,0.0314711791929577,0.445818443143612
"327",2.64996207896492,1,-0.289094580599397,1.52851516706928,-1.10808419635453,1.96633022450322
"328",-0.157661262414891,1,-0.72304209543311,-0.264840263586181,-1.28802168618674,1.15796303705609
"329",-4.10749126768364,0,-2.82793036922105,-1.45349729106694,-0.768076930592972,-0.49957233564294
"330",2.09050949622189,1,-0.938538771504277,1.34517870527892,0.640850800889849,0.881273607625969
"331",0.897177474662793,1,-2.36643489148607,1.02051685550494,0.331724652220751,0.899802352793911
"332",2.6557051058831,1,0.631052992102103,-0.640265507372548,1.02913057371423,1.36398845723225
"333",-0.231539071746231,1,0.0848690582541056,-0.486258705755101,-0.967716027473608,-1.20996083547794
"334",0.511799706903135,0,0.952291851538063,0.979137215784528,0.471740450172101,-1.77887221989457
"335",2.06646898465182,0,0.805956759632294,0.449395403556844,-0.0636556607355245,-1.46635676588855
"336",-0.724191489362589,0,0.672602944487754,-0.830695738891222,-0.499466413507782,0.272472530508982
"337",-0.240129650053995,1,-0.55080010234207,-2.93919430081948,0.704782160094828,-0.00133115125736635
"338",-1.28247363849185,1,-0.509095630600561,-1.10190107499318,-0.322131240156874,-0.373655306616496
"339",2.84664160745409,1,0.132480659723894,1.66938586196675,-0.728891278024434,-0.00276864571969957
"340",0.154581596675635,1,-1.08036619918362,-0.584533851278577,-0.902711196786939,1.58722505600894
"341",-0.224751020339547,1,0.838128324050351,0.330618172128126,-0.410413786277836,-0.251793785332514
"342",-0.0688175876258867,0,-0.363426033169502,1.36903965147315,-1.35228344217318,-0.575075053954876
"343",1.07703272935112,1,0.541931603259312,-0.20937180714292,-0.620908461987916,1.30783112438133
"344",1.34945092334873,0,0.896966587128584,-1.53627576866331,1.46210754984608,0.400459812076988
"345",1.08339721041147,0,-0.73583593393976,-0.291785514863483,1.94042200668596,0.491365134955937
"346",2.11321648503435,1,0.032769240183674,-0.466262501819073,0.564540166343952,-0.360300911949668
"347",1.17230520054772,1,0.424378636843476,0.465021380906485,0.346619280566611,0.0886814507917072
"348",-0.802966364343108,0,-0.90790945047467,-0.89771355847582,-1.38292524978705,-0.0920828124557519
"349",1.29809101385373,1,0.246440142527547,-0.0516832345245728,-0.638775528548349,-0.35962142374082
"350",3.07674555983689,1,0.661738092413638,1.57858039040392,0.541567080593378,3.209880198145
"351",2.92406520763992,1,-1.33556258987676,1.10676523939728,0.481152578661115,0.479347234564614
"352",2.54488780042833,1,-0.280745708160891,0.924922574432466,-0.33260797134902,-2.55870486903461
"353",2.55687516927086,1,0.423619436061064,-1.72366902605934,2.20754486571049,-0.257757750422416
"354",-1.09966113166523,0,-0.168890648074156,0.334700558466363,0.045537314523119,0.615202245689397
"355",1.3338097298925,1,-0.636852690952931,0.516559586091941,-0.422569332075332,-0.752787010045949
"356",2.04506126076403,0,-1.74616399600329,0.308979979655783,2.17665549803708,0.456487850341422
"357",0.714080378050703,1,-1.5732104655495,0.852540877781449,-0.00399493795371608,-1.63018796767066
"358",2.05850700078512,1,1.56278957131504,-1.63195343533164,-0.877361005965306,1.01362939829914
"359",3.5185855263703,1,-1.45640426420802,0.435042129227902,-0.0347531141279261,2.8990371580802
"360",2.96209925004047,1,0.138889850893569,-0.796082323638204,0.478437054942291,-0.422419473490225
"361",3.23232814089937,1,-0.741525908520108,2.47147323391789,0.800311313857523,0.55699126071796
"362",4.69002678780058,1,0.0849981491511424,1.47600579043316,-0.751862145015852,1.4378955737057
"363",-1.1305686484979,1,-1.73501777492437,-0.772636615616647,-0.510173362384068,1.01201126256491
"364",-0.970470990647314,0,-0.150218268385247,0.811011227902469,-1.25014828401674,0.844393443015013
"365",2.0482576786912,1,0.554977339657672,-0.34350035761919,-1.01051260053041,0.115108083201486
"366",0.880879551831897,1,0.207870503962694,0.0679628980118669,-0.947974283800251,0.380287164237143
"367",-0.083859102089285,0,-0.426378478184521,0.60610191660599,0.34405892935019,1.20265365380896
"368",0.960546772848152,0,1.42007583008458,-1.18527813860358,-0.690197992987348,-0.132798540650664
"369",2.71804068634243,1,0.417659371672613,2.54545989845007,1.3226954329937,0.428154105315051
"370",0.72530575602393,1,-1.05992342643556,-0.727197900621175,0.759727949699926,-0.718950610944502
"371",-0.126733840162906,1,-0.80040521289599,0.417383343362083,-0.518968068736144,0.599125739576299
"372",-0.0144285029505131,0,0.902325879937886,-0.930179070733311,-2.44544203877237,0.685198280194152
"373",2.48226614334069,1,-0.748880017959766,-0.299690924672317,1.06495681291568,-1.50301244463789
"374",1.17536448227154,1,-0.577660726248661,0.538455997372279,0.37434797317299,-0.122408549382985
"375",1.35756249511673,1,0.326200631070245,-0.749389089277827,-1.35808266332913,0.344581158947953
"376",3.32618176977168,1,1.09162651025297,1.29623017991683,0.456850195450749,0.41134335463708
"377",0.231304497000247,1,-0.417030306472603,0.107538274448218,-0.627646179953946,-1.1599860648983
"378",-0.632041053729937,0,0.763265139865957,0.73249101847514,-0.750196868913217,-0.448582647684492
"379",-0.107158376642004,0,-1.47972407724629,-0.538802900730839,-1.34729928266339,1.34077222181672
"380",1.33955677916251,1,0.592329563249029,-1.96531927034382,1.95271118724815,-0.16386784678446
"381",1.30594330987552,1,-0.176527370550974,-0.734318619162042,0.316517655565515,1.21155406696518
"382",2.38815161447152,1,-0.107756440074031,0.187830354380462,0.429188240177127,0.162702104750421
"383",2.53287165244581,1,0.572743889684785,0.713921022038382,-0.388864333974694,0.563759242482319
"384",2.10912698323264,1,0.0302840674975811,1.28675857869622,1.09166904836278,0.506049235547768
"385",1.00172748877187,0,-0.107336528978217,1.0558989571738,0.230401556023388,0.185772411502368
"386",-1.206520138767,0,-0.863351980608279,-0.990215084374837,0.568850639452869,-0.341504025042586
"387",-0.0386778962275525,1,-2.0905149555323,0.226450114437738,1.12383017250044,-0.171045108283592
"388",0.817736955913208,0,-1.79523027483179,-0.423766897047478,0.265564098372536,0.838232390286397
"389",-0.621324743277361,1,0.191599360518439,0.512994651014102,-0.506054756722238,-1.14903611058238
"390",1.61499925422852,1,-0.267656471186998,-0.397667507233246,1.13602853580633,-0.542615641572388
"391",1.45797933069793,0,1.85077510748965,-1.02455323484038,0.141775632741669,0.139421844300818
"392",0.240340923249467,0,-0.475146790032552,-0.281794241524506,-0.481388434385753,0.543573184870745
"393",1.89080498663316,1,-1.96204340957376,0.504033821593045,-0.905455646739277,1.08697715436421
"394",1.22285982650694,0,-0.758881491125609,0.112957497431671,-1.05482564398629,-0.998428762305299
"395",-0.490910356653666,1,0.46585848091834,-0.644954016724408,0.181144630093611,0.0617872981010595
"396",0.0650046075845854,1,-0.337151180328717,0.225565924922322,-0.044248004878321,1.30199984840939
"397",1.10427943268503,0,0.729306931583686,-1.44808205952885,-0.437300754033687,-0.570185187864678
"398",2.29092464946749,1,0.521734750534928,0.11101578448434,-0.916127326102265,0.437995060304082
"399",4.26881594297313,1,0.429189531775364,1.40440338489065,1.11630845144658,0.255080229365759
"400",-2.89861736550461,0,-0.893539357421261,-0.057995667300996,-0.191543407885445,0.355891174428967
"401",4.12436851857526,1,0.068805058912861,-0.638973914311341,1.20800148806664,1.10689848608888
"402",0.820783103646759,0,-0.228734770702327,0.831713149521456,-1.42083295875042,-0.367572631189548
"403",-0.53863788369092,1,-0.98924371398967,-1.04328463958177,-0.239628483619728,0.356898514635257
"404",-1.25792121435015,1,0.175576654384396,-1.73918711046529,-1.91384993414828,-1.31553604692084
"405",2.53070017431807,1,-0.286259672840635,-0.0784528123346948,1.75192567238432,-0.177124890534785
"406",-0.638276342015525,0,-0.437395050011851,-1.63884376953431,-1.02623681414871,0.241991313135622
"407",1.48367770246023,1,-0.715114944317949,-0.107805438486739,-1.21108350161333,-1.79575391689921
"408",2.72959500969659,1,1.81595442517615,-0.938555480909916,0.695084000943834,0.0600252215270108
"409",0.540734512182644,0,0.704759688330246,-1.22509463477977,-0.34635707982784,0.524129738905861
"410",-1.43686801505812,0,-0.958928144871922,0.00634594780410177,1.3477446679649,1.17543236966706
"411",1.33212748782213,0,0.0427401580620322,0.98725947768362,0.95394349823393,-0.640743990445929
"412",0.946756765812174,1,0.426261764932358,0.536732456905116,-1.0945533504905,2.54992283818212
"413",1.49195531259693,1,-0.98333627599152,0.382758002112893,-1.6605102852244,0.425989690410314
"414",0.916365424303659,1,0.956664231257597,-0.532318427486837,-0.024677303966899,0.744854586402996
"415",1.45485524440244,1,-0.823481365751806,2.44221680568544,0.358375389264176,1.51530320019915
"416",3.74741325180845,0,-0.643055749528104,1.51696201107259,-0.28810583884375,0.41665799405797
"417",3.52125487634355,1,1.85667952619525,1.11373681183562,-0.796885450553095,1.6316181376311
"418",1.24111662683061,1,-0.0673661495915855,-0.510877190176921,-0.49047001027927,-0.362317995262148
"419",1.76134720731406,1,-0.671949040982574,0.0246357513304887,-0.460829651460437,-1.68444105760205
"420",3.03411227947679,0,-0.819655360331727,-0.0295994118536543,0.970121049835391,0.798761892485559
"421",2.95688454059213,1,-0.497312266285654,2.00602665807607,-0.0784770595106459,1.07228239450514
"422",-2.93272074967647,0,-2.74297008861067,-1.8973887129837,-1.66648089461792,0.981748404548552
"423",3.51133382126776,0,-2.35477100369863,0.918377640702436,-0.154869444644507,0.56925330797003
"424",3.06696603949513,1,0.036464273973729,-2.38328756022663,0.48064716902688,-0.482376500012765
"425",-0.64434992481403,0,-0.587045255533771,0.098051869220315,-1.26661386222803,0.367812385789215
"426",2.54621313824808,1,0.806787333213797,-0.606606215917825,0.23699055848248,1.12422924572768
"427",2.32358011506336,1,0.903126422794025,-1.92756560465386,0.0623549437425514,-0.296225401732865
"428",0.397701106220258,1,1.48694100373491,-1.66685871366735,-0.892264135408735,0.526376948227067
"429",-0.713618800726441,1,-1.61468730051991,-0.414337809480684,0.739883041812228,0.234620692031092
"430",-0.791563661362411,1,-0.599625174592951,-0.855076640821473,1.35255062485747,-0.285388535382943
"431",-0.426510660196527,1,0.791363166581816,0.0818099386175743,-0.285899530847241,0.159592206416312
"432",3.45952547638835,1,0.811463401401446,0.611423286821016,0.598114103266265,0.425833520687478
"433",2.55732719780982,1,1.18130517811862,1.44361748327696,0.0149788063039368,-0.770877868016727
"434",1.28335566926582,1,1.11875563500802,-2.18617089586152,0.413784970275414,0.497400965722252
"435",-1.24595007476084,0,-1.76219706718153,-0.327945025759962,-0.360150213545549,-0.846098347262897
"436",1.19360532528683,0,0.100679900812182,1.25483934921008,-1.72143518251238,0.30017247576987
"437",4.25646666086647,1,1.04983568800876,1.24222206179348,0.857534623999576,0.470167970224006
"438",2.00290160422353,1,2.14805636901556,0.317996892493232,-1.28238705445426,0.256234741155405
"439",-0.286693220748463,0,1.51885871232144,-0.49438190253911,-1.02179968042473,-0.851784732696974
"440",3.08471752314587,1,0.183179593339054,-0.171849009391286,0.287037334923429,-1.36207894492585
"441",0.869353774346833,0,-0.0139018766075502,-0.274313984805664,0.0317732541073772,0.171061877790874
"442",2.46853482190377,1,2.07847377084431,-0.514896387678236,-0.18757315498742,-0.334565388316942
"443",0.765684111974063,0,0.0278120658064804,-1.50022919309806,1.58163198627226,-1.94024455303199
"444",-1.04868518629338,1,1.05538083590455,0.522961197555317,0.0284298648893681,-0.174315623612138
"445",0.356611721512538,1,-0.563257710857489,-1.33185800877686,-0.670089337521844,0.348659901352426
"446",1.71825266367185,0,-0.440322835882147,-0.21157203552591,-0.377973244852099,-0.00185474670656436
"447",0.101427487953963,1,-0.6392958588225,-1.17665803489341,0.90764275864556,0.0182011926201903
"448",0.698622737554335,1,-0.213369900273341,0.048153324299082,0.336445699138235,0.30531691905392
"449",3.24463512317455,1,-1.06952452109514,0.217284090693832,0.408504734913749,-1.88364985574702
"450",1.09414393371539,1,1.10301320565518,0.528682423430868,-0.592279914953434,0.777849685166654
"451",0.281330702728082,1,-2.07377956010141,1.30322469566375,-0.889835707012572,1.17164354047589
"452",0.425345762964911,1,-0.458913578609851,-1.33798504716215,1.11757890196584,2.00159408917415
"453",2.15269474852718,1,0.327087122653071,-0.287843544221878,-1.46481014939334,1.93764431525426
"454",0.9466313357838,1,-0.727608241447624,-1.29257512224749,0.664274574315172,0.0694826549516165
"455",-1.0745279661469,0,-0.937155514381675,-0.538933322350974,-1.92118961913038,-0.581084060764247
"456",2.48516528677659,0,-0.0984148694205356,0.114011030530045,2.28129880668333,-0.502312449325205
"457",1.37463939366839,1,0.310192340519943,-1.3293278204517,-0.488134936070331,-1.73296137679143
"458",0.141674835050431,0,-0.39590726850646,-1.23971961830642,-0.19033192610266,-0.305476159551577
"459",1.60990326651321,1,-0.446980352643235,-1.3310184465995,-0.393812435805891,-0.272859286656287
"460",1.61824766974927,1,-0.257431080800771,-1.58849100012267,2.47192448724607,-0.248525738770519
"461",5.70695197044591,1,1.35746585498452,0.461956991918904,-0.703135539964347,-1.57214025377888
"462",0.305113468386934,1,-0.27416148468133,-2.07586780315314,-0.329165199129931,-1.9825095008511
"463",-2.2153328958618,0,-1.11379178673225,-1.15371381422171,-2.03995609251397,1.00135642478273
"464",-0.0501886587488679,1,-1.35395151654144,-0.633001025397065,-0.281807536012387,-0.225063219387735
"465",1.71511556813252,1,-0.611538507932027,0.23064952003879,0.676261658158871,-1.77558001501478
"466",2.53110543834476,1,0.329907028470391,0.431237371889232,1.31165677862639,-1.39637441376712
"467",-1.60831852721959,0,-0.0949816392684267,-0.382898450623937,-1.0526798013683,-2.07361271665482
"468",1.04828680083999,0,0.462113777883362,-0.377385361332004,1.59323049605368,0.482063974983455
"469",1.61675323651077,1,0.763310027578035,1.38871209324303,-0.81971409812393,0.45708638544006
"470",0.830639048498582,0,-0.679561818166197,0.467693222945368,-0.553881887113357,0.462165178069366
"471",5.03077580531038,1,-0.806667776824962,2.053482282771,2.09859583817044,-1.69271245959616
"472",2.15796345356815,0,0.354618933778848,0.502267679762995,0.498892100861733,0.0653252302180041
"473",0.967025331703842,1,-2.06112629505673,-0.6033950089184,0.436974085524348,1.18994987334216
"474",-0.703772991593951,0,-2.26286142257984,-0.939144318821935,0.333632259793542,1.24683396193718
"475",2.75478764497914,1,-0.103037628113627,0.0925758501873936,-0.395419067643403,-1.41712217740538
"476",2.60550785422506,1,0.771232274550745,1.14748344458434,1.68539238010915,-1.56910628294804
"477",-0.760967104894387,0,-2.58096420969835,2.21356088816813,0.481210189288156,-0.895135764791335
"478",3.19657672598051,1,0.298187770915096,-0.0176014844199296,-0.382973782136076,0.694338738805506
"479",-0.557215421739256,0,-1.09468912323412,-0.7898596798498,0.395136181073075,-2.81027313625674
"480",1.30615632972342,1,0.262201202531878,0.569578913733013,-0.350199002115672,-1.3028278539596
"481",1.51146691322491,1,-1.38121725090755,0.72102655039205,-1.54300305768664,1.91991160108018
"482",0.932537000145942,1,-0.422298913143233,0.127238658316056,-0.526125660457527,-2.18260910539151
"483",0.954379053958957,0,-0.587288258228221,-0.137608929023366,0.831078095329579,-0.0917083424067447
"484",1.74774130330428,1,-1.34429522490834,1.25535032533236,-2.12013280890821,0.201573603995891
"485",1.23635062228749,1,-0.283804186488113,-0.954698704070386,1.07920436251329,-0.52833970314431
"486",1.85822205687939,1,0.524742954799843,-0.0930592888729951,-0.424474219886799,-0.936363750033743
"487",0.693783825159389,1,0.480363596186427,-0.747339336033392,-2.5074656358641,0.240828657787499
"488",2.76325147431278,1,1.65310446922319,1.60377291216776,0.14469458350973,0.91413227120378
"489",1.67277453257318,1,0.351453868916263,-0.0192945961899803,1.28632195718261,-0.54631224572659
"490",0.713587469626088,0,-0.88599674527302,-0.123029191086043,0.35721227759605,0.802496684581339
"491",1.4666866143825,1,-0.134576744998829,1.66969354834514,-0.663925722488671,0.947536993946434
"492",0.100650545917009,0,-0.256883211320256,-1.69002222908646,-0.255870992406323,0.159295134669639
"493",-1.20593346653976,0,0.171652942438373,-1.25347957346706,-1.54062627639623,0.126595233469983
"494",5.1173114051949,1,2.12085415924355,0.236262149426523,1.14010770146396,1.18745900094173
"495",1.45926950880057,1,1.21128213273624,-0.405678536370788,0.131138153388128,0.803258526406769
"496",4.82830341257022,1,-0.198059492652477,1.24531461702212,0.0231655953532332,-0.223915153450544
"497",0.721499606547117,1,0.697927212263258,-0.322488375503733,-0.910796225172095,-0.275572264890284
"498",2.17482616955674,1,0.797764294993119,1.01099171048162,1.13627076464677,-0.492512717003802
"499",1.32319698534824,0,0.82872199002909,-0.18677493898341,0.806729904366769,-0.477425015449311
"500",2.18818151112801,1,0.258209413216524,-2.05344017094931,-0.575714044663196,-1.20957453847705
"501",1.33640671964689,1,0.0643757579127967,-1.67473723966911,0.00124889325265156,-0.570434569921298
"502",2.4162818031958,1,1.01287615335717,-0.438478483578732,0.830610172862947,-1.68162092067841
"503",0.744252268466428,1,0.546843704101633,-1.82551378337655,-0.599069238508315,-1.8217059920563
"504",-2.28108985752173,1,-1.5962462812452,0.29909572771205,-0.488263838563995,0.625024291755821
"505",-1.54554025147576,1,-0.93151971151109,0.216207271655895,-2.40121074999035,-0.552271314601328
"506",0.614398139777488,0,-1.18948786734392,0.744698972549771,-1.23400170598607,-0.575424994643644
"507",2.72588761637043,1,0.583435953286747,0.0568311728763709,0.788970440868805,-1.57868613942814
"508",2.71656122901233,1,0.0669985013882114,1.34687445266074,0.193352334931083,-1.20673662543858
"509",1.57643322402571,1,0.0214831174143594,0.949146580463911,-0.322213027885568,-0.694362272671422
"510",-1.09238570110396,0,-0.591601284622582,-0.419348886264665,-0.434161130702894,-0.275716632807184
"511",4.28798979283887,1,1.98624909692482,0.791957389866523,0.495556577302522,0.544508617306884
"512",3.11510426100457,1,-0.751539428528423,0.95783367444349,0.196222284602804,0.880440478815552
"513",5.44811696099307,1,0.24102023337342,0.383458194192114,-0.0643714994288081,2.10542876305954
"514",1.18969036867536,1,1.13091588075852,-1.01583564633718,-0.151776193369153,0.87561004875172
"515",2.12697479087318,1,-0.228337018401189,-0.393806241746233,2.66582219923861,0.118434545679169
"516",2.30029361667708,0,-0.748774510267623,1.66389990995179,0.767653500890771,-2.42606406085333
"517",1.91649627476514,1,-1.12953799881815,-0.107053412648868,1.63642531335779,1.9736784873251
"518",1.61536505855684,0,-1.05853855725408,2.22640396544781,0.304343588901769,-0.320380311403098
"519",2.92412848825924,1,2.00595509287291,-0.448642251494563,-1.14805463024267,1.26020642151606
"520",1.40284521747256,1,-1.02762260560665,0.36160345321269,0.877371602073866,0.41501900915247
"521",0.940134015303681,0,0.374412511228294,-1.51787558395893,-0.425288061846207,0.162313998032814
"522",3.86745311977142,1,1.63271927708626,1.55641304593774,-0.992727071711333,-0.790576716242175
"523",0.339423171738139,1,0.316952384050601,0.296981394653392,0.497941654085673,-0.375235317443799
"524",1.24118580398977,1,-0.173512384001283,-2.6480950064656,-0.635805186801923,0.701472960771047
"525",3.97779002320245,1,1.78160829519699,-0.392340535765492,1.51351620532206,0.362483219615683
"526",5.17217594783041,1,1.48182322243057,-1.55839136759041,1.72324111803931,-0.305222167396875
"527",2.23459699090468,1,0.683088606778248,-0.915071503497147,-0.936978475109769,-0.302244252041233
"528",3.95731047362991,1,1.88589269080151,0.384866035144113,-0.0346374776417632,-0.75056377666953
"529",1.41812163147152,1,-2.01936953353876,-0.836462010055613,-0.916439745200079,0.506952425692923
"530",2.6289954814416,1,0.430971430907487,0.163448399491391,0.313889964252319,0.790648465626753
"531",4.26506804748701,1,-0.335546662485515,1.34609371691608,-0.281696208669763,0.290209202708755
"532",-0.366967408432836,0,-0.686306198337026,0.818218088970437,-0.715642886009378,-0.170377654940125
"533",2.42408535775638,0,3.01092082269939,-1.64471881824171,-1.04868623084814,0.576947361768647
"534",-1.19040646304011,1,-1.5499180896609,-0.183917986640158,-0.642724483165335,-1.20719590256123
"535",1.02432337992655,1,1.77567095514109,-0.390680814313222,-0.370383892688758,-0.274860991720935
"536",3.31574146504955,1,0.575827685640765,0.206205975874587,0.527362304129127,1.16610081749274
"537",2.15344145080124,1,-1.39389987708054,1.55341570247001,-1.27743357201319,-0.55388225469103
"538",1.80100684089642,1,-0.750656950164127,0.0427506998894472,-0.3013472863536,0.275286874386752
"539",2.14920324310388,0,0.645319996548654,0.472806365483597,-0.635891165954273,-0.0229360772401464
"540",-0.271815121814219,0,-0.486782555115958,-0.817108776512008,0.0111223888631673,1.34835604385416
"541",-0.090382433411042,0,0.816370390710165,-1.29262149618424,-0.161628397919751,-0.0788391377847937
"542",0.794985033670413,1,1.15473933755301,-0.826345157259504,-1.48254795519482,-0.2273591812344
"543",3.16748892024806,1,0.131150923118911,-0.124373421011764,-0.146374543549439,-0.495146842808336
"544",1.16406601359534,1,-1.29983895000192,-0.178375519838527,1.32537964450911,0.00891368738068012
"545",2.53639140479102,1,0.16716481844366,0.161006352691586,-0.491242652081727,-0.204934235425573
"546",0.0934785323661003,0,-3.12638183534059,-0.330770873663234,-1.03131891969465,0.926408769736321
"547",4.44423959193781,1,1.00894294299932,-0.913849947409693,-0.177602479367891,-0.700671002183783
"548",1.94734988093746,1,0.653454935430627,-0.334746027943741,0.303602053365064,-1.78130929987798
"549",3.38707498080129,1,0.828017636706086,-2.11508748302925,1.4243038039256,-0.230224013731454
"550",1.8275806210527,1,0.185153205309294,0.671652748434366,-0.0599246375835248,-0.744669244961311
"551",2.64256114676621,1,0.550147713986826,-0.638270690490395,1.66982418572879,-1.56339046953243
"552",3.41752928515243,1,-0.0378156340016429,-0.473080227643502,-0.487555546896132,0.909646157814715
"553",-0.32585068157722,0,-1.90110294338613,-0.897653346628671,1.31050392399723,-0.0966377394143086
"554",-0.838392633637693,0,-0.465927949226394,-0.434035914447439,0.545515207112674,-0.351090447410462
"555",1.58479213628576,1,0.580871064771373,-0.281993511512209,2.07724521055366,-0.669868321125567
"556",-0.242066942747392,1,1.07829344117168,0.123712304775569,-0.382390868423021,0.300544844947041
"557",2.02350309359235,1,0.129822838428496,-0.00815785789230975,0.792843240771905,0.591148528916406
"558",1.40015763983355,1,-0.620431620573243,1.13725446235982,-2.01297910460392,0.0402494242323315
"559",0.0596775921149432,0,-0.666170488438752,0.127186536281269,0.431053205972271,-1.61639237635873
"560",2.70875709893746,1,1.08559296341466,2.02126301107362,-1.38456412234546,-0.683925853853526
"561",1.25362468333001,0,-1.39379497609922,0.107166368633704,-0.42649679003472,0.770468899715178
"562",3.16331196190728,1,1.53439921660827,-0.324808585402876,2.12336832644254,-0.586873159061178
"563",3.27185330274212,0,0.100973291094531,-0.120395058355731,-0.215105054226414,-1.91875697162867
"564",0.174277592885242,0,-0.287266354848628,-0.996064808414242,-1.0395041991023,-0.558128697927413
"565",1.25455787074806,0,-0.339052496428066,0.358614113717365,-1.534605917772,2.47970245436148
"566",2.17155255259497,1,0.354194279003696,0.753143984126512,-0.592951694432547,0.380260123670115
"567",4.07919367022785,1,0.188801687380192,1.32802553748947,0.830072210571574,0.509309651621414
"568",-0.161679836835039,0,-0.518565532192847,-1.16466395275871,-1.71664886583456,0.990845868771424
"569",0.348880842233788,0,0.124194714335818,0.0625952856328862,-0.893306104754294,-0.373463314103013
"570",1.0696821776774,1,-1.41716858984144,-2.11238542451514,-0.633380733571783,0.0576106648785196
"571",1.8912808776295,1,3.00553661208021,0.16483573758539,-0.366074481462293,0.786609305053799
"572",3.25709245247103,1,-0.0356554067840573,0.821019584720919,0.706731819431741,0.0576603351311499
"573",-1.42270475824193,0,0.159178469428525,-1.06522380701103,-1.37120101689911,-0.0547368504778602
"574",1.57850655114487,0,-0.242491985855127,1.5925547670218,1.50946507990099,-1.227291385241
"575",1.40392030585744,1,1.34842109051813,-0.61851865472071,0.312756723831549,0.04841423465542
"576",0.465121945251729,1,-1.21390252188141,-0.573651710499174,0.73798461947225,1.13454724657092
"577",-0.11642331338222,0,0.702983706905324,-1.16789181754912,-1.98961537593424,-1.83672500314131
"578",-0.195236496673996,0,-0.860510444870174,-0.727234199539701,0.713248308186144,-3.0345873429451
"579",2.39866868545491,1,-0.125229909416472,1.21434911909764,1.53024569377089,-2.00593213228118
"580",2.53810779702772,0,-0.155300948288789,-0.785333435732098,0.913195118073858,0.0938843017548499
"581",2.58248940947275,0,0.302482488602007,-0.486727463146931,0.690958397231552,-0.346440794516573
"582",0.00626042193276766,1,0.070970540127263,-0.487263225890516,-1.19419202962592,-0.0512159960384315
"583",1.42411137623242,0,-0.200948314286091,-1.20900333265521,0.10071886059142,2.82024692057125
"584",0.756158993975346,1,-0.442567547409343,1.83747311588379,-1.63733880751211,-0.049471831314415
"585",2.06726527133522,1,-0.909286730079994,0.645928299818365,-1.45518049237685,0.502274704666622
"586",2.57070937135168,1,0.0054745999403277,1.02548427102331,1.4902493923075,0.38888514041824
"587",3.90506713668869,1,0.627150464070922,-0.671085010130885,0.677634194021052,0.638202273669161
"588",0.760197150268699,1,1.55596131046183,0.741888567708994,0.576962689733909,-0.143273153782245
"589",0.842418794339455,1,1.42789316136115,0.800848304024718,-0.657749812287901,0.0168605169216021
"590",0.293749542134753,0,0.0576270200461075,0.679843839186275,-1.86606701472531,-0.684206267427858
"591",1.76489490695601,0,0.776180045505709,1.54591932068121,-1.1233081705795,-1.49279545711355
"592",1.30706468231917,0,0.267620970659133,-0.987509585194347,-0.036173059795602,0.436202427895092
"593",-0.749609396648035,0,-1.50574643788423,-1.5868558977107,0.15133314782865,1.88446319060621
"594",2.74808038225349,1,0.324737026755322,0.445876207403392,1.3308176185952,1.5885180112039
"595",2.12905604654703,0,-0.628464671766882,1.09624445879262,-0.385246705087243,1.37350382578038
"596",3.08578470221828,1,-0.312876231599294,1.01704738484341,0.625283035768561,0.903851564024859
"597",3.28593415271305,1,0.785687704144138,-0.9451804049328,1.73015561523838,-0.129027568841357
"598",0.602489750258383,1,0.966661164895287,0.272493083906596,-1.16229962527489,-0.69800261481568
"599",3.19148561014554,1,0.519503681066976,-0.234260054621636,1.89404852628732,0.0514056052839542
"600",1.59419752997367,1,-0.890540285966219,1.26186126987098,-0.0153048469355244,-0.124376029232717
"601",2.63132440946691,1,-0.376969370306766,0.393857026711843,0.168824928201896,0.648302144259166
"602",0.921092895701168,0,0.536035546502572,0.0679280511094257,-0.459856899014218,-0.936687919404056
"603",2.88103261304825,1,0.74551320246454,1.02124587412085,-0.350451196235675,0.830407052712443
"604",-0.310678888005452,1,0.593255762139259,-0.455327027506667,1.04576834850804,-2.27772720681427
"605",1.00639620813898,0,-0.121554261292507,-1.25596818211612,-0.920082403488554,0.139162637416726
"606",-0.0203207220636403,1,-0.814157368595559,-1.23616613651897,-0.596371170896072,0.978396263958794
"607",-0.9040837459832,0,-1.40357153761292,-0.795441268508807,-0.253323695457059,1.22200961181274
"608",0.251422454752188,0,-0.326371706920476,-0.772063699364824,-1.06848741856377,-1.66358392522938
"609",0.754409204725177,1,-0.13644595637511,-0.238275859371628,-0.108822663313903,0.349917873822262
"610",1.6414985202187,0,0.157692693369501,-0.57388795937209,-1.41752582171152,-0.348236243235263
"611",1.94579837966614,0,0.948822041953372,-2.34999953239531,1.30655063372738,-2.15719296309681
"612",0.14371091500465,1,-0.0258338960311292,1.90240522716798,0.122965396464645,0.403334376814947
"613",-0.22469890660497,0,-0.494677672827854,-0.7410042063464,0.526268798514049,1.01000204621865
"614",1.08251521470428,0,-0.0158201159343267,1.64334335124744,0.329714029443373,-0.696361598622317
"615",-0.969213299224863,1,-0.619641469778556,1.47343919563797,-0.16121852258759,0.618112635643874
"616",2.77469735814356,1,1.10421413979686,-0.593681096715368,-0.191912853000809,-1.33452346756401
"617",0.113779204211065,1,0.782504702635439,0.668381183191611,0.662425852091182,-0.762821183821929
"618",1.61465085160892,0,-1.91633787369518,0.469581356721124,-1.19582678393856,0.643639352003894
"619",2.94678587544998,1,0.50324041787946,0.534731033460293,2.57473087235076,-1.30335764092893
"620",4.26229255518534,1,0.616611310316248,2.08387095885009,0.917870817833954,0.986453769163551
"621",-0.375647045126408,1,-2.42365014313198,0.84881909920966,-0.446820916615001,-1.02089723059958
"622",-0.0350707584971865,1,-0.126062706067563,0.591722373062983,-2.81220230742589,2.87523808489866
"623",-0.794535337596074,0,0.21470108971537,-0.342905533995726,0.0412599933529043,-0.214387430881351
"624",1.64121147567833,1,0.506132103055252,0.348648171183629,-0.0145174707799503,-0.434014078989869
"625",4.4220267632268,1,0.638426825628304,0.66038471549065,1.14782700447362,-0.518162445459331
"626",1.85032317937972,1,1.21586580870542,1.72528807950346,1.99948162503671,0.983663662150135
"627",2.57621856829828,1,0.339885118894497,0.0887849267848939,-0.109157250754068,1.90745027357832
"628",1.84004420653587,1,-2.34548619558283,-0.199630606544388,-0.613725116828196,-0.714465308161148
"629",-1.24087727203533,0,-0.697699170635172,0.141228230139651,-0.391792614484386,0.127086968904508
"630",1.02005477619668,1,-0.152380286833946,0.23973252490739,-0.942230360512045,0.467507945886653
"631",4.10260117272275,1,1.56999365355547,1.04542078092128,0.755688164416094,-0.258091706022043
"632",0.330543798358432,1,0.709657382779706,1.90261322539456,-1.29399512401759,1.23883780293502
"633",2.84941092508311,1,0.500725289985868,-0.685733543704898,-0.151885252909736,-1.12026792059231
"634",1.45955832321593,1,-1.08417631762116,0.950820964121959,-0.203274825074567,0.190924678770545
"635",-0.0679846574480435,0,-0.0781614887041054,-0.688461019434972,0.115669936832549,-0.353079412352679
"636",0.453631291499234,1,0.0671646948717864,-0.0709732793868105,-1.13716826329815,0.147533603332451
"637",1.06248084820407,1,-0.679954635142427,1.20508414455053,2.64769540771237,0.126045728298651
"638",1.2285869579566,1,-1.44347653899907,1.26337589321352,-0.251695590826229,-1.12000129561349
"639",2.8169677882669,1,-0.756821066554226,-0.405878347092707,1.62877594252274,1.50315038518095
"640",0.474912110566669,0,-0.520649924899548,-1.08985445800528,0.153230913586093,0.440661536049883
"641",0.603919554763574,0,-0.805321999609013,0.232856890139792,-1.88726844132998,-0.595989236691456
"642",0.746607806139874,1,-0.413597756788454,0.393329874131701,-0.211286064372812,-2.27911538582915
"643",1.45483691317536,1,0.0114324675378322,-0.668239989483638,2.40856786996992,0.566415018065868
"644",2.4033470899641,1,1.64907882021939,0.696767522017029,-0.0924623795303774,-1.85556838252818
"645",1.44174982745631,0,-0.638886361293052,0.255403609138583,0.0316080855497449,-1.64474122519482
"646",1.4277926660847,1,-0.262980716237713,-0.169418662727002,0.233758465586289,-1.02883019515941
"647",2.55813971541126,1,0.671868302318252,-2.02617622196387,1.69838318963331,-0.386798231600737
"648",2.86117563872437,1,0.406160702433759,0.158583048937359,2.10641552681572,2.45999681443082
"649",0.769318764796393,0,-0.490777896187321,-0.298970656203635,-0.0310824634602341,-0.606888326225286
"650",-0.144411756283062,0,-0.602701571135269,-0.409866497981167,0.731029902779559,0.300864437748318
"651",2.28088220649646,1,1.0132254117523,2.28694249245831,-1.70724408552179,0.627801234486812
"652",3.14170303759658,1,0.246074289701303,1.44905831058931,0.282835657388419,0.7448475523024
"653",-1.26725204895404,0,-0.0949227586957768,-1.56028142598803,-1.66068145805151,0.510031515019425
"654",0.69582357704739,1,-1.09264787766324,1.51631592388974,0.262177571548898,-0.117068151779854
"655",1.49167836592488,1,-0.178468557336949,-1.1008159837758,1.79709821580864,-0.215401734722065
"656",3.27748879883639,1,1.90552839560105,-1.01344714041048,0.14865634689469,-1.83734918429333
"657",1.79442032264025,0,0.945410325868075,-0.620320034702533,-1.42131209018731,0.0868958441002761
"658",2.83272971037832,1,0.273259530295714,0.494325080366619,1.05804549769374,-1.50255590690032
"659",0.973000959420487,0,-1.21047344598906,0.244947485863865,-0.547711663819641,1.07463626138455
"660",0.507968801138002,0,-2.00350928020364,-0.473938500825699,-0.0290364922363816,-0.189875399251708
"661",1.59185945581892,1,-0.586488034421116,-1.11672436026481,-0.0213852576599131,0.417669997415876
"662",1.23259119317346,1,-1.48380057013681,-0.800950416011779,-0.539607874006574,-1.14444399366044
"663",2.47754576966785,1,-2.00237472835013,0.810595502055577,-0.0294288881307874,0.154886633764964
"664",0.142686776623563,0,0.503281457491721,0.652987414699917,-1.32645522140561,0.70187138855724
"665",-0.235103599578365,0,1.26186957913,-0.956247857084581,1.02471462791421,0.119902851073858
"666",2.09792053829194,0,0.758463133894942,-0.416300961278875,0.812894867237545,-2.18562603737629
"667",1.33185055598386,1,0.914457416182295,-1.32308792092945,1.69688840437671,0.14695560127467
"668",-1.60243693708812,0,-1.9760546312664,0.125788812413324,-0.504048560814584,0.798944571170843
"669",2.01302879166121,1,-0.333250751195533,-0.521941710906985,-0.259271865152217,-0.868184769204092
"670",1.97741012438233,1,-0.986013357855971,-0.891213546074926,0.52182251188414,0.0682279853324723
"671",1.00812926440725,0,-0.0250421070727073,0.18669866870581,1.57700283133361,0.721388272675421
"672",1.02091400988655,0,-1.76056548466639,0.433209921993614,-0.347820705890838,-1.87182438194841
"673",4.56617083674506,1,2.22072424862551,1.19585861937458,1.33162727319236,-1.3278339713601
"674",3.39665071216105,1,-0.573388946095965,1.14551637841451,0.835240684205716,-0.372948465267062
"675",0.657070159268615,1,0.104844660016542,-0.482504645617945,-0.132005493691939,0.142672070373985
"676",4.092698942908,1,-0.0560250583158577,1.90364711614016,2.33745989880674,0.0671387114044801
"677",1.71276443947607,1,-0.228822580758884,-0.183650682844174,-0.875453827830394,0.385867152001618
"678",2.34721008663164,1,0.175488064998251,1.11844028069525,-0.503681796471752,-0.000857911019336778
"679",1.1017167093316,1,-0.428627400116582,-0.740737635603285,0.653201950257354,0.0216184569022787
"680",-0.0649900243965488,0,0.0986667689581388,-0.151477396793286,-1.07735097772822,2.25846754464111
"681",2.00746879131541,0,-0.140754023365402,0.519718607202968,0.259634002121428,0.57248003233829
"682",2.69562776447411,1,2.00877665745902,-1.29444118949791,-0.470923161677259,-0.186132234836954
"683",3.22120950361618,1,-0.312904989557408,0.118318363397362,0.563924533963193,0.402682447779595
"684",3.43019443177997,1,-0.890826788064393,2.28727673066377,0.892404341102934,-0.964496327731468
"685",0.424005453297806,1,-2.20310631889558,-0.617559282342804,0.0480907375764559,-1.54402334892658
"686",1.3097366190417,1,-0.833633172017974,-0.136315911384694,0.474535754124998,-0.23700155999981
"687",0.890655036473299,0,0.114255066917673,0.626504746393249,0.678867943429761,0.155324908484415
"688",3.27435883139798,1,-0.894487545481785,-0.845263851364425,2.0132528639963,2.18807359128526
"689",-1.16611044133073,0,-0.800794974934113,0.0289539680105766,-0.267754033989949,-1.95276796867687
"690",1.06911323349018,0,-0.756236002946885,-1.44504253774792,0.322256662581033,0.694457071913563
"691",2.46870804126297,1,2.39305221006045,-0.0244994399466336,1.37796067344394,-2.32403886623408
"692",3.66246663628207,1,0.913013492132313,-0.923458159331395,0.602208673271591,-0.111736108184113
"693",1.64114397650507,1,-0.54690427431165,0.59539451599594,-0.205330363785784,-0.570974426095645
"694",4.30019229929286,1,1.93733720779785,0.0377565157664271,-0.271550114486189,0.676779141468646
"695",2.86346428440776,1,0.216195910602059,0.576339276014684,1.10477639520058,1.2232715425523
"696",2.73023117246255,1,0.694196801927152,-0.0929545891253753,0.161104685869119,0.0179706240178549
"697",2.06574597452099,1,0.543132213048525,1.29800466581278,-2.14766586105385,0.685981019824997
"698",1.35339093612401,1,0.136954066400877,-0.290690947669157,1.11992458570052,0.75812618891235
"699",1.92852238208248,1,1.90642326147414,-0.281187294104351,-0.432009828031627,0.220148801157241
"700",3.49853587391607,1,1.90526391524482,0.724079342034396,0.298718811880491,1.81810240476416
"701",0.596766121886459,0,-1.10455504193554,-0.683669058777723,-0.834082355946415,-2.57477492001039
"702",-1.19592702325317,1,-0.0549434519354241,1.15210231975321,-1.11253640359477,-0.878110846383486
"703",0.660153047156306,1,1.07387054382311,-1.74576248902594,1.43702930057551,-1.31919087196431
"704",1.10099573295958,1,-0.269229948132133,-0.257078432858868,-1.02064574469734,-1.46585355802516
"705",3.59717869275917,1,-0.269384758093403,0.510100812546274,1.60184792105082,2.2457360343422
"706",1.06547890007176,1,-0.424550590509846,0.0310301497905427,0.0258679337807633,1.84183625304113
"707",-1.00491654062837,0,-1.02408861361245,-1.05648798931684,0.193838437651326,-2.16355627839834
"708",3.10148996030048,1,-2.36968445275535,1.25611220198313,1.23584368759505,0.323530858829203
"709",0.840147120608545,1,0.361546653518484,-1.26839936569369,1.46132131117224,-0.917285029248389
"710",2.24086508824139,1,-0.388613535960668,0.808345196429864,1.32233854757131,0.17465845327954
"711",1.85663170940457,1,-1.45132381209538,0.33301098262656,3.19395297376706,0.449091269020367
"712",3.3931045490016,1,0.915919629937606,1.69541429975953,-1.0424881895377,-0.628223366344665
"713",-0.760262557033712,1,-0.25716097521098,-0.149698632587461,-0.809138265632369,0.0319237499965766
"714",2.54732993616602,1,2.32314082026254,0.82562499163965,-0.834177601656913,0.44233621288031
"715",0.907562404851687,0,0.0223660410082213,1.49270829823932,-0.957861427013193,1.61836610238288
"716",2.63856923541872,1,1.26208820551341,0.564558636227628,-1.69175431434558,-0.782068949901746
"717",1.57278738395346,0,-1.382925121611,-0.0702779481020047,0.126694856576551,0.37113638385593
"718",3.45681548741342,0,-0.180101141554135,1.43651730168009,-1.0386739190466,-0.879142016089184
"719",2.02243427886258,1,1.05023747365303,-0.582185532944848,0.536560841989294,0.317789696320945
"720",4.27809330510916,1,2.27217710698198,0.0881654089701132,-0.278805142345941,-0.214864818984913
"721",1.18598584501298,1,-0.32275599701544,-0.668833973751959,0.117124656852211,-0.576061320714397
"722",1.42014545636954,0,-0.0115233174742919,1.92342159115206,0.262224905149806,0.0172822213492668
"723",1.47711947763333,1,0.779162035173942,-0.155857160647776,0.113336942205612,0.0036494686361969
"724",0.860185237111025,1,1.00519716232118,-0.898820494863791,-0.847667984025349,-0.840945399217007
"725",-0.0690713575987814,1,-0.332526880910695,0.673909961870099,-0.822100843971841,-1.05339826699541
"726",-0.0790054907877376,0,-0.0902832196286118,-1.85161875111018,0.0356002224498756,0.327188982547175
"727",2.72315758329015,1,0.580694382357652,-1.63367034592257,1.07137421957579,0.837026055823773
"728",-0.0114536886769133,0,-0.948482678991963,-0.214439944190892,-1.21363667631472,-0.292134450212776
"729",2.37067937547858,0,0.536042906643553,-0.317337744982086,0.574636371423401,-0.739259151873405
"730",2.32035064651201,1,0.372248067803054,-1.18931933342027,0.572048195721958,-0.237298374647627
"731",2.32873237953087,1,-1.92899056509361,0.933140173629242,1.51969116669972,0.0511842271748111
"732",-1.58938018814176,0,-0.913492721987749,-1.49395570227892,0.679547616191314,0.731566443000818
"733",1.4784187177943,1,-0.585297234462559,0.677701400877779,-0.105499544195417,-0.347200097013419
"734",4.45116747801047,1,-0.541002119995518,-0.176489173918577,3.58144429249442,-0.66178081062882
"735",-0.0863740704031995,0,-0.443123669642037,-0.519741606912114,0.033811826140721,0.433985600590315
"736",1.69073050792464,1,-1.59430564303735,0.6702263485487,0.0588243006247436,0.391998232902816
"737",3.57382967603527,1,0.788358502952198,0.651114495105974,-0.663715043060042,-0.418703744668749
"738",1.99455182579281,0,1.89157565015799,0.418266340840669,-1.1621747714199,-0.588997664309785
"739",-0.823517240048071,0,-0.227442424103522,0.158088949268855,-0.652017208745093,-0.152339126172437
"740",2.67969976169239,1,1.05348595995413,-0.0587376534549961,-0.679114627955149,-2.93796193312283
"741",1.02701899799499,1,0.0116510501973628,-0.514916763986848,-0.83196828008686,-1.03208666139692
"742",1.26145254218218,0,-0.140105831161805,-0.36726831953301,0.767372513589923,-0.520435875142218
"743",1.90053949797851,0,-1.10702427085985,0.63455375901729,0.277818790600616,0.959688530902801
"744",3.18362389790893,1,-0.780345136210783,-0.667271358742746,0.756934219131268,0.241288741085834
"745",1.26065672177053,1,1.89793875047911,0.241576829439204,-2.16165212684958,0.726864071167062
"746",2.25822372649404,1,-0.341931128067286,1.18027953532657,0.0511633260740468,-1.06697941699994
"747",2.87523025076356,1,-0.238382494973589,1.04979940724688,1.58021287016017,-0.0610578428224708
"748",-0.0481305994829292,0,-1.5102060517847,0.0121476049371154,-0.0794733070995857,0.534632331326313
"749",1.94688086079279,1,-0.023932329792387,0.310788138148686,1.92389099189999,-0.279966164961562
"750",4.77016433179936,1,2.63193902096916,1.39242712017633,0.725215073217944,0.476382990064556
"751",2.44377220017094,1,-1.30961321900453,0.815713521885385,0.263626280770564,-0.0391269611733744
"752",2.4325045533911,1,-0.584141906066962,0.483442062310426,1.9685362221991,-0.302324325973268
"753",0.999096500480205,1,-0.525133421713799,0.896956747343607,1.95820525680583,-0.0699156822187056
"754",2.67262373129542,0,-0.216890921431904,-0.0679407853356541,0.146123359104973,-0.739667175135361
"755",2.23602266943237,1,-0.645214683032151,2.07725869626632,0.735720700774623,0.678600679772532
"756",0.517167876182979,1,-0.310414439324187,0.247630860278838,-0.078925083868392,-0.983812901001233
"757",-0.822800374863679,0,-1.0949663390593,-0.473360837994994,0.245257749524364,0.350640341922609
"758",-1.66943628885154,1,-0.402372530609792,-0.455458069975586,0.0066966347969822,-0.679780243267198
"759",2.26561958811558,1,0.172262642045796,-0.877817830241904,-0.468016055133999,-1.71231536962829
"760",2.14736288462694,1,0.194825730703552,-0.546523305216453,-0.224289063502529,-1.29789747327245
"761",0.817914223951306,1,-0.285142752148346,0.45055737768957,-0.598239978001229,-1.01716665792331
"762",1.5253339828381,0,-0.406001924499768,0.168350538473311,-0.756590548412284,-0.39631717865088
"763",2.54082265025016,1,2.10012144006467,2.22307508454799,-0.898703392873494,-0.0125910501174098
"764",1.42747222032546,1,1.36525490343358,-2.2154322152967,0.00116668172819206,1.06472103178389
"765",1.02115417018384,1,2.27736766800902,-0.707844246390386,-0.866261667156513,0.497426297190314
"766",1.61972761632677,1,1.39289467455293,-0.7563466292013,0.148221498247395,2.07523614876621
"767",2.57372200403615,1,1.33431442282343,-0.11427811063457,0.675816742473169,-0.655104308217948
"768",2.11705886206629,1,0.721794246574002,1.18981731292861,-1.21852097982677,-0.303822492601255
"769",2.29209348129252,0,1.99816582730268,-2.30258540017052,-0.956527708374516,0.00298756857878013
"770",2.25171378570321,1,-0.99501912700486,0.499289252982388,-0.87304010092843,-0.98766609067046
"771",1.34599800431799,0,-0.243465505352568,1.0565391948265,0.666293960995768,0.428724607568098
"772",-0.534601488885333,0,-0.615306882199528,-0.817328875692458,0.0397812859128827,-0.737061916478174
"773",3.65492544210444,1,1.25567409784357,1.88266806654165,-0.317338833607035,0.83994199257621
"774",2.38099849324045,0,0.969968333870127,1.65443332960996,-0.811108213875725,-0.714773579110653
"775",2.29104529694608,1,-1.17040659396879,-1.22012976970243,0.00668888226511501,0.617945967690393
"776",-1.29226258371691,0,-0.243897125200082,0.251409481633091,0.393415064542166,0.0639080828847449
"777",2.34925322550653,1,0.201973995726353,1.95388134721694,0.0518214502262066,0.202579249422556
"778",-1.42309544066746,0,-0.740751927240371,-1.52117585822095,-0.898569642009605,1.48933581055273
"779",2.82935436963188,1,0.840969606172035,-0.192111994809933,-0.0738898822131086,-0.953338292664737
"780",2.04374427977352,1,0.331076206671349,0.299846286216953,0.377852293728524,-1.63412360466046
"781",2.93751495731487,1,1.34887637832015,0.861729105136844,0.226636203648777,-2.18679502799456
"782",1.32049306587125,1,0.215299546396778,0.0584397103596209,1.77321064617001,-2.02523887438472
"783",1.39293741460796,1,-0.0594550126113138,-0.327750973287069,1.39715663594204,0.685555350370067
"784",3.11224052770319,0,1.57078000931998,0.662353781795601,1.38989392437442,0.708805561524797
"785",-2.76380803115986,0,0.794369207599735,-0.4950291065375,-1.75392622341484,0.371969822824548
"786",0.389765064547682,0,1.09953612187964,1.44921062532994,-0.43001567710893,-0.32750619599779
"787",-0.719139367314524,0,-0.0614444651830708,-0.879403554382796,-0.526653806704228,1.98798879454085
"788",1.2570748783129,0,0.510286941126804,-0.122708588425873,2.00474615388264,-0.546056327140291
"789",-1.13292367352888,1,-0.737826839222103,-0.480299012985876,-0.526263081005403,1.24357875117981
"790",-1.28705274875902,1,1.19621160561014,-0.200873177851084,-0.569343559970097,1.3237906338097
"791",3.23229749777985,1,0.869480074973376,1.15129374287845,0.230304499307664,-0.173495993590592
"792",0.442714593187311,0,0.445985569012761,-0.962444195233703,1.34753755454132,1.50785407480916
"793",-1.07716172325199,0,-0.731977920245503,-0.452952777526573,0.111645766829802,0.841954307913648
"794",2.33226650924764,1,0.278196950486875,1.71711413333859,0.32162551589385,1.25000856870785
"795",-0.269492473442779,0,0.0850815601431806,1.39332338027655,-0.243856772025749,1.12628012745691
"796",2.44322798318051,1,1.33699928565193,-1.15577593452644,-0.355986850313157,-1.26462264311954
"797",1.05040573799898,1,-0.018459291340292,0.277915388274794,0.206964786743169,-0.177943141016465
"798",2.27060814867441,0,0.00248326478665814,-1.23784395343855,-0.529575971047654,-1.16801045140433
"799",2.12575857811871,1,0.457954454142102,-1.24326282554083,0.995783490855606,-0.386780190286549
"800",1.39190732050146,1,-1.55450099495475,1.03256143791471,1.42431307918454,-0.125511808511938
"801",0.683020872301725,1,-0.525937950079295,-0.0902640340379263,1.14804171928731,-0.0583898982807101
"802",0.494348256240423,1,-0.849606494821572,-0.252384949597141,-1.78272571978912,0.469682010557997
"803",3.51276970988705,1,-1.19848058309712,2.06273325729044,1.23249510494579,0.809524747687546
"804",-0.228347534408112,1,-0.741199730706689,0.228099306994225,-0.948870013084915,0.00585594420313878
"805",2.83974221702257,1,-0.153944857679365,2.84789099440984,0.237391664402704,1.20184203907611
"806",1.14985724041599,1,-0.682629627516614,1.31271760423289,-0.279624038622132,0.0226488183239609
"807",1.17731310122937,0,0.267227172926397,1.21792699288611,-1.35069200287538,2.15811734925942
"808",1.71181975990079,1,-0.583651999475941,2.02577686848863,1.50103763918172,-0.449067246470054
"809",-0.911237347645954,1,0.40212377195114,-0.106066077115102,-1.01728831241351,-0.037894858475392
"810",0.208210388426502,1,-0.373584020709472,0.396725677013413,-0.879352607672523,0.567255709063247
"811",0.219388777262621,1,-0.438097700261651,-0.701673696727097,-0.276746850945043,-0.773431879337653
"812",-0.134932359015431,0,-0.733172794425293,0.618355733415834,-1.59936752415314,0.765033525576504
"813",3.95340971297118,1,0.676809356725465,1.29565670077868,-0.0501003623896428,0.181715313664476
"814",2.78687970911775,1,-0.501877444608463,-0.0746343842867766,-0.254614183782892,-0.588671518699
"815",-0.730200480913536,1,-1.25402623266686,-0.583646554655409,-1.16979680608914,-0.66886225356528
"816",0.311988416525973,1,0.146558459096986,1.29377060831249,0.0572060359650453,-1.13280068819678
"817",2.28570914429741,1,1.20076643233685,0.173795733850785,0.305430743786124,-1.06259387276163
"818",1.55451477181234,1,0.124999215462104,1.0960523581646,-0.0166454200879205,0.721057356932341
"819",2.00543161406512,1,0.691737078115517,0.947675801266808,-0.829075686397326,0.705575673962917
"820",2.45997356089527,1,-0.0874197582535395,0.871270216322011,0.0171902670850528,0.162783295098243
"821",4.51474112675336,1,0.606019696747581,0.636729942967477,2.13710687681108,-2.23675000621187
"822",2.80976595186032,1,-0.784919626501507,0.656856339228104,0.0108541508983319,1.08908340771309
"823",1.61225740459381,1,-0.126709957447097,0.102780191104924,0.534515527828002,-1.41577223502465
"824",0.226462629292523,1,0.44466386916019,-0.0959042052566172,0.520495581288769,-1.68929448491818
"825",1.16683045731861,1,0.397681978177332,0.334433214322244,-0.0870917511926598,1.50495192075439
"826",4.26941395936544,1,1.38254437052928,0.102819772262422,1.16270193760793,-1.92323240303451
"827",-0.974015659480163,1,-0.534569220685938,-1.82449241391365,-0.482517159089328,0.398341365571413
"828",2.0384093236261,1,-0.654777046018302,0.415044994905402,0.806351715477853,-0.088730825749486
"829",1.44149889747896,0,-0.432723261934701,-0.551376631204314,0.964905900597339,-1.06302678566738
"830",1.17980461592371,0,1.11909058417024,-0.456769177955962,0.0821931767292764,1.34455121768315
"831",2.59711877105374,1,-0.379126432236025,0.659082693511787,1.2060078917095,0.17428410463361
"832",2.99707713466734,1,-1.01202922903261,1.76234065500492,1.15827834506775,-0.638535638185823
"833",-0.0751491729338856,1,-0.164875587936061,-0.660193410502736,-0.044570849922512,-1.0940798353476
"834",0.697110225460883,0,0.818474648999833,-0.516579060177058,0.091306725203251,-0.64607491803262
"835",1.01036876601027,1,0.543814516956897,0.312781180875698,-0.309520128422977,0.837885589873969
"836",1.06142708777187,1,0.456028818869961,0.0900760021389655,1.64513570170674,-0.732498342515419
"837",2.5058675054314,1,-0.421490069076411,-0.250484547933628,-0.124272100324578,-1.29432841595343
"838",0.15407810647892,0,0.046440097797687,1.05779086103973,0.283648686289178,-0.193151257275567
"839",4.0345291300759,1,0.877263155160336,1.41486905142912,0.479300360029326,-0.475793460326732
"840",0.925131516532502,1,-0.507566407947605,-0.17586992953389,0.865953683431521,1.05977661800958
"841",1.89302532754974,1,0.0903176368885991,-0.378942515730411,1.20027752582524,-0.886027158468448
"842",3.20787640411679,1,0.723959688518586,-2.99204823453853,2.00211532225196,-1.16650571642441
"843",2.60586725164879,1,-1.8122260455918,0.636523749633627,1.01159626670226,-0.421250833347819
"844",2.2948579029936,1,-1.11778708740855,0.420852911256816,-0.90574493400343,-0.922307782468769
"845",1.79273250902611,0,0.539895600425834,0.04444561431401,-0.113693607066603,0.791502854047226
"846",0.576858229779432,0,-0.0130682317925365,-0.888780313532229,0.229001528130054,-1.88358356007551
"847",1.2829584993019,0,-0.74536844216533,-0.535953305032732,-0.361591186295743,1.13162308089407
"848",3.25078110322077,1,-0.0339066170896931,1.26927691521249,-0.408569839917856,0.723428014312603
"849",1.2611265726768,0,-1.43301662483371,0.567079027001176,1.71496856859077,1.40490497152075
"850",3.71369657549135,1,0.772799380286408,0.988387788139931,-0.115124689492306,-0.922319687740078
"851",-0.287663423768551,0,-0.299674799992121,0.0303785425125638,-0.249618503977095,0.992965697442274
"852",3.13150802447146,1,1.29667547066769,0.479070019844052,-0.675791081882724,-1.95914660448287
"853",-0.781996582813622,1,-0.112227037622176,1.17570852204682,-0.539115693780293,0.98665425029239
"854",1.60903125994556,0,1.06609319943832,-0.218418446809626,-0.360078907992879,0.997037603943243
"855",1.15610631326427,1,-1.15657331580073,0.29192347478758,0.931980553164317,1.0251675509434
"856",0.743318504183344,1,1.2403323944321,-0.893936517471584,-0.428257059034081,0.421592162871304
"857",1.30169537600508,1,-0.77308169319676,0.499070351791201,-1.69591739461805,-0.486835475212518
"858",3.12589802403813,0,-1.16945954714879,0.705806667143313,1.14736948334617,0.715945765770942
"859",1.02080064335946,1,0.762853844517413,-0.912057423577934,-1.03326556252144,0.707919375658559
"860",0.510662843176264,1,0.135556765962417,-0.281403854355431,-0.292967766609578,-0.391748905803467
"861",4.75329104431326,1,-0.487177127511949,0.704562536817026,0.635380301816569,0.141503561032908
"862",0.972494566056759,1,-1.20066415183561,1.67985631443688,-0.112312693956684,-0.226175366331241
"863",2.3151006203239,1,-0.708444642028232,0.31775278573046,-1.50536757986255,-0.254104709292443
"864",2.98279113300275,1,0.255297649233752,0.381978591160212,-1.29747583342477,-0.583087617085962
"865",1.15962101312822,1,0.59510478715499,1.65839475545833,-0.23610474121125,-1.0207665664105
"866",0.00182223169541512,1,0.310814730518749,-0.237556160627644,-1.51830494043658,0.127245111346032
"867",0.744299210746602,0,-0.79985043378826,0.960812641644507,0.46084343787709,-0.572831326180467
"868",3.05100112745783,1,0.162877475129834,0.0608779175396117,2.2665533557909,0.399682147356184
"869",2.96464415040836,1,-0.375603696290233,-0.863168333697889,-0.355022200495218,-2.47872032722335
"870",0.932709445615068,1,0.53044960720131,0.0441059978336473,-0.740047882732869,1.10394350976328
"871",2.10682252091098,0,1.43056102702081,-1.5239793331092,2.20476492484065,-0.550828204927069
"872",3.14389954620939,1,0.546322104946697,-0.0786193634124931,1.39690056339006,-1.96929047245944
"873",-0.611503592187473,1,0.0434753229973921,0.397588114076435,-0.4303897408729,0.140530177694026
"874",0.396807995042729,1,-1.50766147650906,1.7903450226174,1.22215288698103,-0.897972186950113
"875",0.673427672234592,0,-0.0980004370717385,-1.17691074157087,-1.58320488200011,-1.35654902617266
"876",2.92422945244065,1,0.444686443003894,-0.0624949564137057,0.222848355122948,-0.842422184726392
"877",2.86311225882081,1,-1.10690657823852,1.20153268412936,1.52381356099528,-0.0469536925025885
"878",-0.536895709934418,0,0.106377380281777,-1.67069146567702,0.701794855180776,0.544586980649336
"879",1.6672912535031,1,-1.5080481910847,-0.794313254435761,-1.4980901094887,-1.14034752348881
"880",0.31950622624231,1,-0.625092888576435,-1.07905269691343,-0.748142586763398,-1.95943902845939
"881",1.47574593462194,1,-0.56825383842993,-0.997759077240778,0.177198244066295,-0.681995686756437
"882",1.4101327996159,1,0.804972099214575,-1.05457107215301,0.778929520563578,1.16214597775065
"883",2.52462568748323,1,2.19048749883588,-1.94499611176269,-1.00155490780559,1.48507224989259
"884",0.873086759431103,0,-1.04255214541424,-1.02937715390715,-2.08508756814531,-1.61947628943043
"885",-1.39397879078219,1,-0.686341269775191,-1.75495987053139,-0.619241559771052,1.03058639785618
"886",0.941492665987293,1,1.63983591961864,-0.427804497872762,-0.758983709165879,1.03169507209066
"887",1.56553056716396,1,-0.0737214403139672,0.884235303706625,0.141178006029506,-1.69947840280309
"888",4.27253995497683,1,-1.10960815811132,0.210259909166214,1.61175338854113,-2.58789946278101
"889",1.39334625154522,1,-0.210014852897318,-0.146799978310567,-0.949426539726909,1.76929453079708
"890",-0.0850002400911867,1,-1.07915164362595,-0.454485287283555,0.733392850388726,-0.00657932055053937
"891",3.10577995354473,1,-0.283238256138336,0.0666193578049529,-0.605874712191935,0.609281758029021
"892",0.70497599697812,0,0.670183814111674,-2.06710186648719,-1.26572498752359,-0.174727629277794
"893",3.7806468567766,1,1.04008462851067,0.0454627970688861,0.506496222969341,-0.66027785238114
"894",1.09304436828306,0,-0.397701344688823,-0.696532871137194,-1.54221135601014,-1.3482376410168
"895",1.14682563647396,1,0.57605760809828,-0.804061820792648,0.13874270376445,1.11291444441983
"896",0.839272901328656,1,0.198786360023535,-0.790509113056248,-0.0241675465752827,-0.434200915153936
"897",2.19864488142285,0,0.398579691237546,0.886465759801671,0.15671171091,0.924732512055254
"898",2.76433070125615,1,-0.363664580967964,1.4518298050835,0.946264244828839,1.3006158215079
"899",4.28567124118677,1,1.54783888138704,-0.680110611673888,-0.487272988858786,-1.8907466304767
"900",-0.705288623295407,0,-0.233932423919773,-0.512861147975856,0.468893630261549,-0.204159564850352
"901",-0.422316030430112,1,-0.318819659913144,-0.281891538765998,0.697056533330351,-0.203827177761641
"902",1.16169533833425,0,-0.00597890918834628,0.258369462633142,0.65229411240504,-0.602309291908769
"903",0.560012806494318,1,0.559956097388985,1.41461927875744,-1.83946816127563,0.299121652112631
"904",0.694039672924325,1,-0.594099515172278,-1.50813423087879,0.362781559263026,-1.33965409212308
"905",0.202570202303209,1,-0.809678685624893,-0.620533293743986,-1.48827721063948,1.12639597006714
"906",-2.87942542290505,0,-2.40838874719596,-0.305348395254828,-0.660791712419109,0.883496511234876
"907",1.54171722074285,0,-0.500870978616835,1.04220625251533,-0.176078067878026,-0.420006491330249
"908",2.41260127053315,1,-0.4902511593693,-0.431249819488292,1.18239474245961,-0.796332943271373
"909",3.73291969929644,1,1.89308996355388,1.23009242389989,1.78104672865162,0.0572891996728209
"910",-0.905312083094439,0,0.302879220401535,-0.455268818965039,-2.6956786861119,-0.108658460654841
"911",-0.372846009517657,1,-0.918953364924972,-0.783633008832373,1.02694883644942,-1.33200238434737
"912",-0.755860382384551,1,1.06646557131364,-0.991113845545185,-1.82143640614165,0.211298366714703
"913",0.776248911610828,1,-1.35770639746619,-0.868740661454742,0.737412196758687,-0.840484754659359
"914",0.672159197703621,0,1.63318901114748,-0.220425460821533,-1.34869995132703,-1.30500524713372
"915",2.4961204804498,1,-1.3768193194076,-0.500772940913109,1.271037198774,-0.557760614142412
"916",2.6560268550066,1,0.285907869594712,0.281304632595558,0.567449668671135,0.934737238563059
"917",1.25357313059786,1,0.100283432960517,0.62977791134774,-1.70959791657248,0.235088724573371
"918",2.50696880845986,1,0.196253592247463,-0.0160735213881928,0.606218282355746,0.418891506625423
"919",2.29307698233723,1,0.0881247570314646,0.0311236764132489,0.372206036461327,-0.293831142035388
"920",4.04348223230437,1,1.15047762409123,0.92013963422098,0.345616313335024,1.74904568918874
"921",3.39725265675771,1,0.210780367572264,-0.165109929411519,0.847791864598505,-0.74680803063067
"922",3.29609583564103,1,0.540341930666268,-1.01780737384393,1.414566882334,-0.929241610269625
"923",3.07182639488192,1,0.130167832322081,1.8870778907897,0.615702314183358,-0.854691541576007
"924",1.70208924517494,1,1.4583425543163,-0.171596113298631,-0.228249468899758,-1.44628536894628
"925",1.94280004914612,0,-0.359169091841728,0.588311282462296,0.243559644390823,-0.810894524406633
"926",0.975011820082597,0,0.190407185384109,0.339783062252058,-0.289327347122835,-1.54315813591664
"927",1.84085318357622,1,-0.175929540610441,-0.803044558238125,0.284840552735608,0.552340752917621
"928",2.54876683225647,0,0.5848656929844,-0.685959242274729,-0.762562905798294,0.0974771042862313
"929",0.563796878985465,0,0.689167103284524,-0.152650199482475,-1.81626613756863,-0.991753097559398
"930",-0.550680423375833,1,-0.984995802927699,0.628209227603702,0.170252041713273,-0.930535697654756
"931",-0.0514885256782847,0,-0.509913858077623,1.15162161038525,-1.62879054568364,0.154981393902642
"932",-1.42535977845005,0,-1.0643990534922,0.226372881376899,-1.71116386911178,1.49367099739457
"933",2.64917035627736,1,1.44669083698384,0.0821221733588498,0.0417573283138119,-0.361017745024493
"934",0.931779072102731,1,-2.78044527704913,0.816296088859661,0.34388461779342,-0.0551984769600943
"935",0.833042018115224,1,-1.92576678306908,-0.550450464319358,0.935613447899154,0.236439887521903
"936",2.35416679425866,0,-0.745438043989272,-0.715701595368037,0.0330524531466566,1.48871086424517
"937",2.01461154534392,1,1.20061308397428,-0.698006096030814,1.8234570971527,-1.61024878636984
"938",1.50669000320354,0,0.946248635518972,-0.993478751158883,1.10926864069478,1.06807277949325
"939",0.871073104823851,1,-0.531450315359932,0.228732291461265,-1.3152807653007,1.54876651523311
"940",3.28739728106792,1,-0.589136446598659,0.329296179533235,0.00645183508972815,0.108086448311752
"941",1.11113636332288,0,0.213699116063387,1.00362527753983,-1.92678872476785,-0.329683724029647
"942",-0.435214501232426,1,-0.390936286230628,-1.03932459039503,-0.410391312485905,1.53079612825945
"943",1.74372213220776,1,-1.20024429182945,1.17666609943122,0.226894851568351,-0.306069803306166
"944",-0.843209644002708,1,-0.774503699568352,-0.943924778409552,-0.158999673122699,0.923706225858176
"945",2.22854716267722,1,-0.180697153135682,-0.427960844169726,0.0324871719706594,0.0820024578719324
"946",0.075733290537693,0,0.963184409146415,0.652056396134014,-1.43774480358834,0.156341201443273
"947",1.20137028470711,0,-0.0831857814723652,-1.34288479122124,-0.27822454407032,1.61466250621231
"948",0.863303291559727,1,0.62079466535475,0.454635542614831,-0.687293060086407,-0.0303761364347108
"949",2.44018941432846,1,-0.373502648197146,-0.493736312067591,-1.063504794884,-0.265491002682635
"950",-1.48907953374205,0,-0.746825271221785,-1.09974303247138,-1.39662457473275,-0.129751654153319
"951",0.564013034650992,0,-0.471649868431113,-0.118038930611589,-1.29011771411363,-0.273484342348136
"952",2.52015618734505,1,1.7254626072402,-0.458167766449928,-1.13373949454164,0.368030677826121
"953",2.95343521694419,1,-0.362601712756575,-0.89973782089274,1.25094240250779,0.253816883029442
"954",0.918827674379197,1,-0.0911176483890087,-1.51338208536373,-1.3312775672852,-1.02008963666501
"955",-1.53774186674645,0,-1.26550825992978,-0.529029398348073,0.119408960657714,0.0666613834144968
"956",0.658803715229155,1,-0.187843989113922,0.773512179873223,0.0752976145698397,0.613688117101588
"957",0.592479119632412,1,0.421912727186547,-0.0409341816718224,-1.09747362454146,0.244820291341751
"958",-0.150384422285551,1,-1.55520279911811,1.57147315595237,-1.13769593396257,1.05840056651074
"959",-0.363630718681018,0,0.224415113391952,0.388509158345601,-0.491821332877386,-1.01154267984067
"960",2.02831281087975,0,-1.60791095556903,0.351122014627701,0.382129694709003,-0.336716770960849
"961",-0.909753361808276,0,-1.95305525199848,-1.68411007010677,0.0381739041670782,-0.0307459396639343
"962",2.73714408868188,1,-1.57284577044872,-0.651629325192478,0.376320205869406,-0.744865581362035
"963",0.128697825092163,0,-2.02788706714104,-0.478336317251317,0.52623605984725,-0.180518029186342
"964",1.46860689200719,0,0.0753899119610929,1.62789964442314,-2.34889799398733,-2.00332479752647
"965",0.49501782422998,0,-0.486077356695073,0.0604460561760972,0.0721019660477042,0.27367206508244
"966",2.95070585136355,1,-0.371585248336227,1.69355335027001,-0.000947256110472693,-0.145055476481975
"967",2.9703186696572,1,1.47982227846904,-0.788681585188372,0.265448278683743,-0.120682923099527
"968",1.4557862217622,1,1.71744418900487,0.102513806428045,0.814014638172677,-0.0883647640881534
"969",1.35270575761594,1,-1.13432326824976,0.988486845964307,0.953407799740229,-0.219064666175452
"970",1.5418627706943,1,-0.311846057405327,0.0671230273242641,0.411354283246206,-0.580584411936587
"971",2.77577797886076,1,-1.01345599655663,1.04496009337394,0.914766925637048,-1.44846876864598
"972",0.864243439061778,1,1.72906485920766,0.814468097376933,-1.00025617759426,0.263215314105636
"973",2.31263667812148,1,-0.871139002808596,-0.953544137898715,0.233721887520824,-0.105213094189445
"974",0.889238272579994,0,0.577695998696667,-0.115419974426119,0.252618423165638,-0.219992551476851
"975",0.802010350241451,1,-0.831276820559327,-0.23576004102896,0.588749503751215,-1.39638711557112
"976",0.533524399267863,1,1.55530560773376,0.691723069315357,0.586098263096356,1.10915352811735
"977",1.07176416910457,0,1.21763528947754,0.288582653453165,-0.658776836098349,-0.130693840476481
"978",1.46140982937617,0,-1.25492487246116,-0.178803534217246,1.18180939310917,1.40315287462944
"979",2.00326668051124,0,-0.627694316518657,-0.848446621957481,0.380771812685992,-0.962261168410938
"980",2.68895361047532,1,0.378572809472959,1.26218354702818,0.532886593255549,-0.0544612090656813
"981",0.388026511824573,1,1.00613766927004,-0.363366657512941,0.310122545559524,-2.10282816151845
"982",-0.112770397749179,0,-1.35295074273496,-1.53542916197872,-0.265313157507062,0.652822467586513
"983",-1.21706055373609,1,-0.693392098000278,-0.446170299197996,-1.09660751307268,-1.06291712628925
"984",1.32480018123493,0,1.05241114230114,-0.574100711686915,-0.523358195921089,1.03648293146297
"985",1.09911375296582,0,0.814141102368711,-1.06312040218221,-0.191658373747582,0.394984008576562
"986",2.3096171513755,1,0.492076200606512,0.349490733621294,1.16100940866434,1.1099216560281
"987",1.05411474032179,1,-1.53772234482609,0.3960752892666,0.544311307063512,-0.241690468935957
"988",1.07847752113994,1,0.0414750397238646,-1.11181666757062,1.72326685665918,-1.86960110267361
"989",2.87608761403823,1,0.318884117356503,0.884300902657191,0.706254584245726,-0.725062326979423
"990",-0.909872827105248,0,0.0157799594343203,0.206286565610724,-0.526137662834006,1.0186436947754
"991",0.378496834984509,1,0.270295628503505,-0.95515943717987,0.806105463096657,-0.008808835073355
"992",-0.66281213978859,0,-0.844484962462662,0.468248042215882,-1.63455413653878,-0.812040508088053
"993",1.61950713539818,1,-0.11614586559799,-1.0198460162474,0.476243401168223,-0.149317511879815
"994",2.53573506216784,1,0.0908003845873232,1.30449703475126,1.44680530394862,0.0864012722887523
"995",2.43178480774563,1,0.724656159246428,-0.491136517868217,-1.15198125531241,-0.0330103425082121
"996",1.18656545690215,1,-1.79985958373298,1.05310815813027,-0.068741743139797,-0.455389154339152
"997",0.904690531889744,1,0.855122108836613,-0.854156674478705,0.415217500161896,-0.301451980090588
"998",2.36514409635008,0,1.21409582445821,-1.69852819708776,1.32662128390008,-0.766150578360289
"999",1.69261564696293,1,0.677781815173475,-0.330320617862164,0.5147821141662,-0.20984325429114
"1000",0.49397060441497,0,-1.66474096380928,-0.804207583456436,-1.39419286142316,2.49917609261849
